,Links,Title,Details,Price,Rating
0,,,,,
1,https://www.airbnb.co.in//rooms/36336885?check_in=2022-09-15&check_out=2022-09-24&previous_page_section_name=1000&federated_search_id=54126f58-fc7c-4ecb-aeb6-7cadb2af771b,Hotel room in Honolulu,"Hotel La Croix, Deluxe Queen Rooms w/ 2 Queen Beds","‚Çπ14,257 per night, originally ‚Çπ15,841",4.4
2,https://www.airbnb.co.in//rooms/43604370?check_in=2022-09-15&check_out=2022-09-24&previous_page_section_name=1000&federated_search_id=54126f58-fc7c-4ecb-aeb6-7cadb2af771b,Home in Honolulu,Honolulu Hideaway near Waikiki,"‚Çπ17,481 per night",5
3,https://www.airbnb.co.in//rooms/710818651660924734?check_in=2022-09-15&check_out=2022-09-24&previous_page_section_name=1000&federated_search_id=54126f58-fc7c-4ecb-aeb6-7cadb2af771b,Flat in Honolulu,Waikiki Beach Walk 1 Bedroom with Kitchen,"‚Çπ17,824 per night",New
4,https://www.airbnb.co.in//rooms/20696053?check_in=2022-09-15&check_out=2022-09-24&previous_page_section_name=1000&federated_search_id=54126f58-fc7c-4ecb-aeb6-7cadb2af771b,Flat in Honolulu,WatchSurfersOnYourSofaSeaViewParkingCloesToBeach,"‚Çπ22,467 per night",4.7
5,https://www.airbnb.co.in//rooms/705353206291131252?check_in=2022-09-15&check_out=2022-09-24&previous_page_section_name=1000&federated_search_id=54126f58-fc7c-4ecb-aeb6-7cadb2af771b,Private room in Honolulu,"Relax, recharge and refresh in the Aloha room!","‚Çπ10,063 per night",New
6,https://www.airbnb.co.in//rooms/51424844?check_in=2022-09-15&check_out=2022-09-24&previous_page_section_name=1000&federated_search_id=54126f58-fc7c-4ecb-aeb6-7cadb2af771b,Hotel room in Honolulu,Sara's Rainbow Suite,"‚Çπ16,234 per night",4.1
7,https://www.airbnb.co.in//rooms/21151688?check_in=2022-09-15&check_out=2022-09-24&previous_page_section_name=1000&federated_search_id=54126f58-fc7c-4ecb-aeb6-7cadb2af771b,Apartment in Honolulu,"Boutique Central Waikiki 1BR Resort, Full Kitchen","‚Çπ11,005 per night",4.2
8,https://www.airbnb.co.in//rooms/700773045901144686?check_in=2022-09-15&check_out=2022-09-24&previous_page_section_name=1000&federated_search_id=54126f58-fc7c-4ecb-aeb6-7cadb2af771b,Apartment in Honolulu,AB7.Hawaiian Oasis. Boutique Hotel. Walk to beach.,"‚Çπ11,391 per night",2.6
9,https://www.airbnb.co.in//rooms/26474065?check_in=2022-09-15&check_out=2022-09-24&previous_page_section_name=1000&federated_search_id=54126f58-fc7c-4ecb-aeb6-7cadb2af771b,Apartment in Honolulu,the GAME OVER PAD of WAIKIKI,"‚Çπ1,67,230 per night",4.7
10,https://www.airbnb.co.in//rooms/40121249?check_in=2022-09-15&check_out=2022-09-24&previous_page_section_name=1000&federated_search_id=54126f58-fc7c-4ecb-aeb6-7cadb2af771b,Flat in Honolulu,2 bedsOr1 bedOceanView2minToWaikikiBeach.ACParking,"‚Çπ20,968 per night, originally ‚Çπ24,147",4.6
11,https://www.airbnb.co.in//rooms/33909606?check_in=2022-09-15&check_out=2022-09-24&previous_page_section_name=1000&federated_search_id=54126f58-fc7c-4ecb-aeb6-7cadb2af771b,Guest house in Ewa Beach,Adorable guest studio,"‚Çπ11,531 per night",New
12,https://www.airbnb.co.in//rooms/53120899?check_in=2022-09-15&check_out=2022-09-24&previous_page_section_name=1000&federated_search_id=54126f58-fc7c-4ecb-aeb6-7cadb2af771b,Campervan/Motorhome in Waipahu,Luxe Hawaii #VanLife experience in our MiniCamper,"‚Çπ8,983 per night, originally ‚Çπ9,842",4.7
13,https://www.airbnb.co.in//rooms/650190239856247306?check_in=2022-09-15&check_out=2022-09-24&previous_page_section_name=1000&federated_search_id=54126f58-fc7c-4ecb-aeb6-7cadb2af771b,Flat in Honolulu,Royal Garden Resort Studio,"‚Çπ12,832 per night",New
14,https://www.airbnb.co.in//rooms/53188086?check_in=2022-09-15&check_out=2022-09-24&previous_page_section_name=1000&federated_search_id=54126f58-fc7c-4ecb-aeb6-7cadb2af771b,Private room in Laie,Jeep rooftop camper w/ brand new tent now!,"‚Çπ9,362 per night, originally ‚Çπ11,481",4.6
15,https://www.airbnb.co.in//rooms/517538024678435791?check_in=2022-09-15&check_out=2022-09-24&previous_page_section_name=1000&federated_search_id=54126f58-fc7c-4ecb-aeb6-7cadb2af771b,Campervan/Motorhome in Waipahu,The Olyvia,"‚Çπ7,474 per night, originally ‚Çπ8,190",4.7
16,https://www.airbnb.co.in//rooms/39504658?check_in=2022-09-15&check_out=2022-09-24&previous_page_section_name=1000&federated_search_id=54126f58-fc7c-4ecb-aeb6-7cadb2af771b,Apartment in Honolulu,Paradise,"‚Çπ15,989 per night",4.8
17,https://www.airbnb.co.in//rooms/40452688?check_in=2022-09-15&check_out=2022-09-24&previous_page_section_name=1000&federated_search_id=54126f58-fc7c-4ecb-aeb6-7cadb2af771b,Apartment in Honolulu,One Block from Waikiki Beach w/ off street parking,"‚Çπ18,074 per night",4.8
18,https://www.airbnb.co.in//rooms/53852880?check_in=2022-09-15&check_out=2022-09-24&previous_page_section_name=1000&federated_search_id=54126f58-fc7c-4ecb-aeb6-7cadb2af771b,Home in Waimanalo,"3 Bed/2Bath House, Large yard, Walk to the Beach","‚Çπ36,588 per night",4.7
19,https://www.airbnb.co.in//rooms/53589140?check_in=2022-09-15&check_out=2022-09-24&previous_page_section_name=1000&federated_search_id=54126f58-fc7c-4ecb-aeb6-7cadb2af771b,Campervan/Motorhome in Kaneohe,Camper Van  (XLE) 2018,"‚Çπ10,322 per night, originally ‚Çπ13,282",4.4
20,https://www.airbnb.co.in//rooms/587268565068000305?check_in=2022-09-15&check_out=2022-09-24&previous_page_section_name=1000&federated_search_id=54126f58-fc7c-4ecb-aeb6-7cadb2af771b,Flat in Honolulu,Roomy family Waikiki Apt sleeps 6 w/FREE parking,"‚Çπ32,974 per night, originally ‚Çπ38,709",5
21,https://www.airbnb.co.in//rooms/43901450?check_in=2022-09-15&check_out=2022-09-24&previous_page_section_name=1000&federated_search_id=7d957bd1-55a5-4555-856b-c8668251e486,Campervan/Motorhome in Hauula,Dreamer | Oahu Island Camper Van,"‚Çπ12,261 per night, originally ‚Çπ13,445",4.9
22,https://www.airbnb.co.in//rooms/46196780?check_in=2022-09-15&check_out=2022-09-24&previous_page_section_name=1000&federated_search_id=7d957bd1-55a5-4555-856b-c8668251e486,Apartment in Honolulu,Studio Condo * Wyndham Royal Garden @ Waikiki,"‚Çπ17,842 per night",5
23,https://www.airbnb.co.in//rooms/39533085?check_in=2022-09-15&check_out=2022-09-24&previous_page_section_name=1000&federated_search_id=7d957bd1-55a5-4555-856b-c8668251e486,Hotel room in Honolulu,Platinum Skyline Penthouse - Newly Renovated,"‚Çπ18,702 per night",4.2
24,https://www.airbnb.co.in//rooms/705366265589813319?check_in=2022-09-15&check_out=2022-09-24&previous_page_section_name=1000&federated_search_id=7d957bd1-55a5-4555-856b-c8668251e486,Private room in Honolulu,"Relax, recharge and refresh in the Hibiscus room!","‚Çπ10,063 per night",New
25,https://www.airbnb.co.in//rooms/53596236?check_in=2022-09-15&check_out=2022-09-24&previous_page_section_name=1000&federated_search_id=7d957bd1-55a5-4555-856b-c8668251e486,Campervan/Motorhome in Kaneohe,Glamper Adventurer Van,"‚Çπ10,916 per night",4.9
26,https://www.airbnb.co.in//rooms/34215294?check_in=2022-09-15&check_out=2022-09-24&previous_page_section_name=1000&federated_search_id=7d957bd1-55a5-4555-856b-c8668251e486,Guest suite in Honolulu,Near Waikiki Spacial 1200 sq ft 2 bedrooms/1 bath,"‚Çπ32,289 per night",4.6
27,https://www.airbnb.co.in//rooms/585242346339222795?check_in=2022-09-15&check_out=2022-09-24&previous_page_section_name=1000&federated_search_id=7d957bd1-55a5-4555-856b-c8668251e486,Apartment in Honolulu,Royal Garden at Waikiki Studio,"‚Çπ14,761 per night, originally ‚Çπ16,504",New
28,https://www.airbnb.co.in//rooms/50906830?check_in=2022-09-15&check_out=2022-09-24&previous_page_section_name=1000&federated_search_id=7d957bd1-55a5-4555-856b-c8668251e486,Home in Hauula,Corner Beachfront Villa with its own Private Beach,"‚Çπ1,63,616 per night",5
29,https://www.airbnb.co.in//rooms/21882512?check_in=2022-09-15&check_out=2022-09-24&previous_page_section_name=1000&federated_search_id=7d957bd1-55a5-4555-856b-c8668251e486,Home in Honolulu,Bright & Breezy 2BR House with Beautiful Views,"‚Çπ33,595 per night",4.8
30,https://www.airbnb.co.in//rooms/14323092?check_in=2022-09-15&check_out=2022-09-24&previous_page_section_name=1000&federated_search_id=7d957bd1-55a5-4555-856b-c8668251e486,Home in Kailua,Kailua Beachside 2bed/2Bath Sleeps 8,"‚Çπ41,123 per night",4.4
31,https://www.airbnb.co.in//rooms/42792106?check_in=2022-09-15&check_out=2022-09-24&previous_page_section_name=1000&federated_search_id=7d957bd1-55a5-4555-856b-c8668251e486,Apartment in Honolulu,"Waikiki Sunrise Suite, short walk to the Ocean","‚Çπ14,420 per night",4.5
32,https://www.airbnb.co.in//rooms/51858523?check_in=2022-09-15&check_out=2022-09-24&previous_page_section_name=1000&federated_search_id=7d957bd1-55a5-4555-856b-c8668251e486,Apartment in Honolulu,Royal Garden at Waikiki Studio,"‚Çπ18,740 per night",5
33,https://www.airbnb.co.in//rooms/50795349?check_in=2022-09-15&check_out=2022-09-24&previous_page_section_name=1000&federated_search_id=7d957bd1-55a5-4555-856b-c8668251e486,Campervan/Motorhome in Honolulu,Tacoma w/ Rooftent - Close to Honolulu Airport,"‚Çπ10,370 per night",4.8
34,https://www.airbnb.co.in//rooms/689332356756272637?check_in=2022-09-15&check_out=2022-09-24&previous_page_section_name=1000&federated_search_id=7d957bd1-55a5-4555-856b-c8668251e486,Apartment in Honolulu,Royal Garden Waikiki Resort Studio Unit,"‚Çπ14,761 per night",New
35,https://www.airbnb.co.in//rooms/50178892?check_in=2022-09-15&check_out=2022-09-24&previous_page_section_name=1000&federated_search_id=7d957bd1-55a5-4555-856b-c8668251e486,Campervan/Motorhome in Hauula,Heihei -  A Stealth Campervan,"‚Çπ10,983 per night",4.9
36,https://www.airbnb.co.in//rooms/50794396?check_in=2022-09-15&check_out=2022-09-24&previous_page_section_name=1000&federated_search_id=7d957bd1-55a5-4555-856b-c8668251e486,Guest house in Honolulu,Newly Built and Modern 2-Bedroom House!,"‚Çπ27,332 per night",4.2
37,https://www.airbnb.co.in//rooms/707125556209831564?check_in=2022-09-15&check_out=2022-09-24&previous_page_section_name=1000&federated_search_id=7d957bd1-55a5-4555-856b-c8668251e486,Apartment in Honolulu,Waikiki BeachWalk 1 Bedroom,"‚Çπ18,765 per night",New
38,https://www.airbnb.co.in//rooms/633657976649430653?check_in=2022-09-15&check_out=2022-09-24&previous_page_section_name=1000&federated_search_id=7d957bd1-55a5-4555-856b-c8668251e486,Home in Honolulu,Cheerful 2 Bedroom Guesthouse with Free Parking,"‚Çπ32,066 per night",4.8
39,https://www.airbnb.co.in//rooms/635486890330960153?check_in=2022-09-15&check_out=2022-09-24&previous_page_section_name=1000&federated_search_id=7d957bd1-55a5-4555-856b-c8668251e486,Home in Honolulu,Newly Renovated 3 bedroom 2 bathroom in Hawaii Kai,"‚Çπ54,670 per night",5
40,https://www.airbnb.co.in//rooms/35654844?check_in=2022-09-15&check_out=2022-09-24&previous_page_section_name=1000&federated_search_id=7d957bd1-55a5-4555-856b-c8668251e486,Shared room in Waianae,NEAR TROPICAL BLUE OCEAN AND SANDY BEACH,"‚Çπ9,964 per night",4.4
41,https://www.airbnb.co.in//rooms/54206860?check_in=2022-09-15&check_out=2022-09-24&previous_page_section_name=1000&federated_search_id=645e19d2-0b5c-43dd-915c-3cd9298d0e29,Apartment in Honolulu,Chic 1 bedroom with City Views!üèô,"‚Çπ25,199 per night",New
42,https://www.airbnb.co.in//rooms/710810999865458864?check_in=2022-09-15&check_out=2022-09-24&previous_page_section_name=1000&federated_search_id=645e19d2-0b5c-43dd-915c-3cd9298d0e29,Resort in Kapolei,"Beautiful Resort 1 Bedroom, Marriott Ko Olina","‚Çπ45,346 per night",New
43,https://www.airbnb.co.in//rooms/4614657?check_in=2022-09-15&check_out=2022-09-24&previous_page_section_name=1000&federated_search_id=645e19d2-0b5c-43dd-915c-3cd9298d0e29,Private room in Honolulu,Hawaiian Zen Sanctuary  Private Room in Hawaii Kai,"‚Çπ18,450 per night",New
44,https://www.airbnb.co.in//rooms/39533013?check_in=2022-09-15&check_out=2022-09-24&previous_page_section_name=1000&federated_search_id=645e19d2-0b5c-43dd-915c-3cd9298d0e29,Hotel room in Honolulu,Gold Corner Studio,"‚Çπ14,758 per night, originally ‚Çπ16,398",4.2
45,https://www.airbnb.co.in//rooms/707935018471017004?check_in=2022-09-15&check_out=2022-09-24&previous_page_section_name=1000&federated_search_id=645e19d2-0b5c-43dd-915c-3cd9298d0e29,Private room in Honolulu,"Relax, recharge and refresh, the Kohola room.","‚Çπ10,063 per night",New
46,https://www.airbnb.co.in//rooms/38903944?check_in=2022-09-15&check_out=2022-09-24&previous_page_section_name=1000&federated_search_id=645e19d2-0b5c-43dd-915c-3cd9298d0e29,Hotel room in Honolulu,Hotel La Croix Kitchenette - Newly Renovated,"‚Çπ16,901 per night",4.5
47,https://www.airbnb.co.in//rooms/13960740?check_in=2022-09-15&check_out=2022-09-24&previous_page_section_name=1000&federated_search_id=645e19d2-0b5c-43dd-915c-3cd9298d0e29,Home in Honolulu,HI-VIBE Hawaiian Haven,"‚Çπ42,974 per night, originally ‚Çπ49,332",4.9
48,https://www.airbnb.co.in//rooms/590623482839256873?check_in=2022-09-15&check_out=2022-09-24&previous_page_section_name=1000&federated_search_id=645e19d2-0b5c-43dd-915c-3cd9298d0e29,Home in Hauula,AMAZING HAUULA OCEANFRONT ESCAPE!!,"‚Çπ59,448 per night",4.6
49,https://www.airbnb.co.in//rooms/695676203238734507?check_in=2022-09-15&check_out=2022-09-24&previous_page_section_name=1000&federated_search_id=645e19d2-0b5c-43dd-915c-3cd9298d0e29,Cottage in Hauula,Luxury Oceanfront  Cottage w/Private Beach Access,"‚Çπ54,204 per night",New
50,https://www.airbnb.co.in//rooms/47784933?check_in=2022-09-15&check_out=2022-09-24&previous_page_section_name=1000&federated_search_id=645e19d2-0b5c-43dd-915c-3cd9298d0e29,Campervan/Motorhome in Honolulu,Sunset Mercedes Sprinter Vanlife,"‚Çπ9,131 per night",4.4
51,https://www.airbnb.co.in//rooms/25270892?check_in=2022-09-15&check_out=2022-09-24&previous_page_section_name=1000&federated_search_id=645e19d2-0b5c-43dd-915c-3cd9298d0e29,Home in Honolulu,Perfect Family Home Located in Honolulu,"‚Çπ27,332 per night",4.5
52,https://www.airbnb.co.in//rooms/13100450?check_in=2022-09-15&check_out=2022-09-24&previous_page_section_name=1000&federated_search_id=645e19d2-0b5c-43dd-915c-3cd9298d0e29,Flat in Honolulu,"1207R-  HUGE Balcony! Quiet,Views!!","‚Çπ29,489 per night",4.4
53,https://www.airbnb.co.in//rooms/40992274?check_in=2022-09-15&check_out=2022-09-24&previous_page_section_name=1000&federated_search_id=645e19d2-0b5c-43dd-915c-3cd9298d0e29,Apartment in Honolulu,Superior one bedroom suite in the heart of Waikiki,"‚Çπ27,304 per night",4.8
54,https://www.airbnb.co.in//rooms/38100141?check_in=2022-09-15&check_out=2022-09-24&previous_page_section_name=1000&federated_search_id=645e19d2-0b5c-43dd-915c-3cd9298d0e29,Hotel room in Honolulu,"Ocean View King Bed, Hotel Renew","‚Çπ18,464 per night, originally ‚Çπ20,745",3.8
55,https://www.airbnb.co.in//rooms/34622213?check_in=2022-09-15&check_out=2022-09-24&previous_page_section_name=1000&federated_search_id=645e19d2-0b5c-43dd-915c-3cd9298d0e29,Private room in Honolulu,Skyline Views! Work-From-Home Oasis!,"‚Çπ7,320 per night, originally ‚Çπ8,028",4.8
56,https://www.airbnb.co.in//rooms/29180761?check_in=2022-09-15&check_out=2022-09-24&previous_page_section_name=1000&federated_search_id=645e19d2-0b5c-43dd-915c-3cd9298d0e29,Guest suite in Honolulu,"2 Bedroom Kahala Cottage, Sleeps 6","‚Çπ29,630 per night",4.6
57,https://www.airbnb.co.in//rooms/611668448797208293?check_in=2022-09-15&check_out=2022-09-24&previous_page_section_name=1000&federated_search_id=645e19d2-0b5c-43dd-915c-3cd9298d0e29,Guest suite in Laie,Spacious 1-bedroom place suitable to your stay,"‚Çπ19,952 per night",4.4
58,https://www.airbnb.co.in//rooms/46261950?check_in=2022-09-15&check_out=2022-09-24&previous_page_section_name=1000&federated_search_id=645e19d2-0b5c-43dd-915c-3cd9298d0e29,Apartment in Kapolei,Ko Olina Luxurious 2 Bedroom 2 Bath Beach Villa,"‚Çπ60,440 per night",4.8
59,https://www.airbnb.co.in//rooms/48302077?check_in=2022-09-15&check_out=2022-09-24&previous_page_section_name=1000&federated_search_id=645e19d2-0b5c-43dd-915c-3cd9298d0e29,Apartment in Honolulu,Largest lanai and outdoor space in Waikiki,"‚Çπ34,009 per night",4
60,https://www.airbnb.co.in//rooms/673356498614732325?check_in=2022-09-15&check_out=2022-09-24&previous_page_section_name=1000&federated_search_id=645e19d2-0b5c-43dd-915c-3cd9298d0e29,Apartment in Honolulu,BEAUTIFUL STUDIO ROYAL GARDEN AT WAIKIKI HONOLULU,"‚Çπ22,640 per night",New
61,https://www.airbnb.co.in//rooms/21519013?check_in=2022-09-15&check_out=2022-09-24&previous_page_section_name=1000&federated_search_id=bb2a50d6-e95f-4985-83a2-744ec2bbb047,Home in Honolulu,Plumeria house in trendy & quaint Kaimuki,"‚Çπ68,922 per night",4.9
62,https://www.airbnb.co.in//rooms/655715662706326716?check_in=2022-09-15&check_out=2022-09-24&previous_page_section_name=1000&federated_search_id=bb2a50d6-e95f-4985-83a2-744ec2bbb047,Flat in Honolulu,Waikiki Beachwalk 2 Bedroom,"‚Çπ36,416 per night",New
63,https://www.airbnb.co.in//rooms/40309506?check_in=2022-09-15&check_out=2022-09-24&previous_page_section_name=1000&federated_search_id=bb2a50d6-e95f-4985-83a2-744ec2bbb047,Hotel room in Honolulu,"City View, 2 Twins or 1 Queen Bed","‚Çπ24,557 per night",4.3
64,https://www.airbnb.co.in//rooms/635362017774664628?check_in=2022-09-15&check_out=2022-09-24&previous_page_section_name=1000&federated_search_id=bb2a50d6-e95f-4985-83a2-744ec2bbb047,Flat in Honolulu,Waikiki Beachwalk Resort 1 Bedroom,"‚Çπ18,778 per night",New
65,https://www.airbnb.co.in//rooms/38905277?check_in=2022-09-15&check_out=2022-09-24&previous_page_section_name=1000&federated_search_id=bb2a50d6-e95f-4985-83a2-744ec2bbb047,Hotel room in Honolulu,Luxury Direct Ocean View Terrace One King Bed,"‚Çπ28,742 per night",4.6
66,https://www.airbnb.co.in//rooms/36967870?check_in=2022-09-15&check_out=2022-09-24&previous_page_section_name=1000&federated_search_id=bb2a50d6-e95f-4985-83a2-744ec2bbb047,Private room in Honolulu,Peaceful Sunset/City Views in Downtown Skyrise!,"‚Çπ7,559 per night",4.7
67,https://www.airbnb.co.in//rooms/676685557292847488?check_in=2022-09-15&check_out=2022-09-24&previous_page_section_name=1000&federated_search_id=bb2a50d6-e95f-4985-83a2-744ec2bbb047,Flat in Honolulu,BEAUTIFUL STUDIO ROYAL GARDEN AT WAIKIKI HONOLULU,"‚Çπ22,640 per night",New
68,https://www.airbnb.co.in//rooms/50667593?check_in=2022-09-15&check_out=2022-09-24&previous_page_section_name=1000&federated_search_id=bb2a50d6-e95f-4985-83a2-744ec2bbb047,Guest suite in Honolulu,"2 Bed Kahala Cottage, Sleeps 6, 10mins to Waikiki","‚Çπ27,207 per night",New
69,https://www.airbnb.co.in//rooms/673992178353029126?check_in=2022-09-15&check_out=2022-09-24&previous_page_section_name=1000&federated_search_id=bb2a50d6-e95f-4985-83a2-744ec2bbb047,Apartment in Honolulu,GORGEOUS STUDIO ROYAL GARDEN AT WAIKIKI!!,"‚Çπ22,640 per night",New
70,https://www.airbnb.co.in//rooms/34367808?check_in=2022-09-15&check_out=2022-09-24&previous_page_section_name=1000&federated_search_id=bb2a50d6-e95f-4985-83a2-744ec2bbb047,Private room in Honolulu,Downtown/Ocean Views Private Master BR,"‚Çπ7,184 per night, originally ‚Çπ7,878",4.6
71,https://www.airbnb.co.in//rooms/605637123474404138?check_in=2022-09-15&check_out=2022-09-24&previous_page_section_name=1000&federated_search_id=bb2a50d6-e95f-4985-83a2-744ec2bbb047,Flat in Kapolei,Marriott Ko Olina Beach Club Oahu - Studio Unit 2!,"‚Çπ38,906 per night",5
72,https://www.airbnb.co.in//rooms/553808903536290715?check_in=2022-09-15&check_out=2022-09-24&previous_page_section_name=1000&federated_search_id=bb2a50d6-e95f-4985-83a2-744ec2bbb047,Hotel room in Honolulu,Bedroom Suite,"‚Çπ17,828 per night",3.6
73,https://www.airbnb.co.in//rooms/696641453880572404?check_in=2022-09-15&check_out=2022-09-24&previous_page_section_name=1000&federated_search_id=bb2a50d6-e95f-4985-83a2-744ec2bbb047,Home in Kahuku,Oceanfront Blue Hawaii Cottage  with endless fun!,"‚Çπ54,545 per night",New
74,https://www.airbnb.co.in//rooms/48430090?check_in=2022-09-15&check_out=2022-09-24&previous_page_section_name=1000&federated_search_id=bb2a50d6-e95f-4985-83a2-744ec2bbb047,Home in Honolulu,The Penthouse modern luxury  in Waikiki,"‚Çπ63,113 per night, originally ‚Çπ71,060",New
75,https://www.airbnb.co.in//rooms/655719944452621582?check_in=2022-09-15&check_out=2022-09-24&previous_page_section_name=1000&federated_search_id=bb2a50d6-e95f-4985-83a2-744ec2bbb047,Flat in Honolulu,Waikiki Beachwalk 2 Bedroom,"‚Çπ36,325 per night",New
76,https://www.airbnb.co.in//rooms/608720913362414570?check_in=2022-09-15&check_out=2022-09-24&previous_page_section_name=1000&federated_search_id=bb2a50d6-e95f-4985-83a2-744ec2bbb047,Home in Kaneohe,Kualoa Oceanfront Paradise,"‚Çπ72,865 per night",New
77,https://www.airbnb.co.in//rooms/40909775?check_in=2022-09-15&check_out=2022-09-24&previous_page_section_name=1000&federated_search_id=bb2a50d6-e95f-4985-83a2-744ec2bbb047,Apartment in Honolulu,Tropical 2 Bdrm  Condo @ Waikiki Beach Walk Resort,"‚Çπ38,968 per night, originally ‚Çπ52,637",4.8
78,https://www.airbnb.co.in//rooms/22370885?check_in=2022-09-15&check_out=2022-09-24&previous_page_section_name=1000&federated_search_id=bb2a50d6-e95f-4985-83a2-744ec2bbb047,Home in Honolulu,AMAZING SPACE 2 MILES FROM WAIKIKI.,"‚Çπ81,251 per night",4.6
79,https://www.airbnb.co.in//rooms/645623300012364749?check_in=2022-09-15&check_out=2022-09-24&previous_page_section_name=1000&federated_search_id=bb2a50d6-e95f-4985-83a2-744ec2bbb047,Apartment in Honolulu,Panoramic ocean view condo  in Waikiki,"‚Çπ36,344 per night",New
80,https://www.airbnb.co.in//rooms/53830282?check_in=2022-09-15&check_out=2022-09-24&previous_page_section_name=1000&federated_search_id=bb2a50d6-e95f-4985-83a2-744ec2bbb047,Flat in Honolulu,"2 min walk to the beach / Parking , Kitchen , Pool","‚Çπ41,011 per night",New
81,https://www.airbnb.co.in//rooms/53701747?check_in=2022-09-15&check_out=2022-09-24&previous_page_section_name=1000&federated_search_id=8e5899a3-638a-42ae-a918-33862db7b378,Hotel room in Honolulu,"SLEEPS 2, IN THE HEART OF WAIKIKI, WALK TO BEACH","‚Çπ47,137 per night",New
82,https://www.airbnb.co.in//rooms/3372423?check_in=2022-09-15&check_out=2022-09-24&previous_page_section_name=1000&federated_search_id=8e5899a3-638a-42ae-a918-33862db7b378,Private room in Honolulu,The Golden Nest,"‚Çπ9,269 per night, originally ‚Çπ10,700",4.8
83,https://www.airbnb.co.in//rooms/560797551759260158?check_in=2022-09-15&check_out=2022-09-24&previous_page_section_name=1000&federated_search_id=8e5899a3-638a-42ae-a918-33862db7b378,Flat in Honolulu,Waikiki Beach Walk 1 Bedroom,"‚Çπ23,568 per night",New
84,https://www.airbnb.co.in//rooms/7116389?check_in=2022-09-15&check_out=2022-09-24&previous_page_section_name=1000&federated_search_id=8e5899a3-638a-42ae-a918-33862db7b378,Private room in Honolulu,Three Bed Room Steps from Waikiki Beach!,"‚Çπ24,225 per night",4.6
85,https://www.airbnb.co.in//rooms/637495410603977673?check_in=2022-09-15&check_out=2022-09-24&previous_page_section_name=1000&federated_search_id=8e5899a3-638a-42ae-a918-33862db7b378,Hotel room in Kapolei,Marriott Ko Olina Beach Club Studio Unit #4!,"‚Çπ38,906 per night",5
86,https://www.airbnb.co.in//rooms/610243941975272845?check_in=2022-09-15&check_out=2022-09-24&previous_page_section_name=1000&federated_search_id=8e5899a3-638a-42ae-a918-33862db7b378,Resort in Kapolei,Marriott Ko Olina Beach Club - Studio Unit Oahu,"‚Çπ38,906 per night",5
87,https://www.airbnb.co.in//rooms/655746106743116106?check_in=2022-09-15&check_out=2022-09-24&previous_page_section_name=1000&federated_search_id=8e5899a3-638a-42ae-a918-33862db7b378,Flat in Honolulu,Waikiki Beachwalk 2 Bedroom,"‚Çπ36,325 per night",New
88,https://www.airbnb.co.in//rooms/48233283?check_in=2022-09-15&check_out=2022-09-24&previous_page_section_name=1000&federated_search_id=8e5899a3-638a-42ae-a918-33862db7b378,Hotel room in Honolulu,Monthly Special - Kitchenette Hotel La Croix,"‚Çπ23,762 per night",4.6
89,https://www.airbnb.co.in//rooms/47005009?check_in=2022-09-15&check_out=2022-09-24&previous_page_section_name=1000&federated_search_id=8e5899a3-638a-42ae-a918-33862db7b378,Home in Honolulu,Luxe -Beach House minutes from Waikiki.,"‚Çπ81,064 per night",New
90,https://www.airbnb.co.in//rooms/642875012010724699?check_in=2022-09-15&check_out=2022-09-24&previous_page_section_name=1000&federated_search_id=8e5899a3-638a-42ae-a918-33862db7b378,Flat in Honolulu,Royal Garden studio unit,"‚Çπ20,092 per night",New
91,https://www.airbnb.co.in//rooms/39946323?check_in=2022-09-15&check_out=2022-09-24&previous_page_section_name=1000&federated_search_id=8e5899a3-638a-42ae-a918-33862db7b378,Private room in Honolulu,Drivable Van Rental | Sleep & Drive Deal!,"‚Çπ10,775 per night",5
92,https://www.airbnb.co.in//rooms/54007038?check_in=2022-09-15&check_out=2022-09-24&previous_page_section_name=1000&federated_search_id=8e5899a3-638a-42ae-a918-33862db7b378,Resort in Honolulu,WAIKIKI- ON THE BEACH- TROPICAL PARADISE,"‚Çπ58,949 per night",New
93,https://www.airbnb.co.in//rooms/5387397?check_in=2022-09-15&check_out=2022-09-24&previous_page_section_name=1000&federated_search_id=8e5899a3-638a-42ae-a918-33862db7b378,Home in Waialua,Waialua Sea & Mountain Adventures,"‚Çπ50,254 per night",4.6
94,https://www.airbnb.co.in//rooms/51684558?check_in=2022-09-15&check_out=2022-09-24&previous_page_section_name=1000&federated_search_id=8e5899a3-638a-42ae-a918-33862db7b378,Apartment in Honolulu,Studio Suite at Royal Gardens Waikiki Honolulu,"‚Çπ21,713 per night",New
95,https://www.airbnb.co.in//rooms/22248928?check_in=2022-09-15&check_out=2022-09-24&previous_page_section_name=1000&federated_search_id=8e5899a3-638a-42ae-a918-33862db7b378,Home in Haleiwa,Beachfront 5 bedroom 4 bath Home with Tidepools & Daily Sunsets 3 month specials,"‚Çπ1,40,047 per night",4.5
96,https://www.airbnb.co.in//rooms/32670114?check_in=2022-09-15&check_out=2022-09-24&previous_page_section_name=1000&federated_search_id=8e5899a3-638a-42ae-a918-33862db7b378,Apartment in Kapolei,Lokelani Villa - 403,"‚Çπ55,494 per night",4.8
97,https://www.airbnb.co.in//rooms/30740076?check_in=2022-09-15&check_out=2022-09-24&previous_page_section_name=1000&federated_search_id=8e5899a3-638a-42ae-a918-33862db7b378,Apartment in Honolulu,1 Bedroom Condo at the Waikiki Beach Walk,"‚Çπ25,805 per night, originally ‚Çπ29,858",4.4
98,https://www.airbnb.co.in//rooms/21474016?check_in=2022-09-15&check_out=2022-09-24&previous_page_section_name=1000&federated_search_id=8e5899a3-638a-42ae-a918-33862db7b378,Home in Mokuleia,World Class Views & Excellent Reviews/North Shore Oahu,"‚Çπ1,09,453 per night",4.7
99,https://www.airbnb.co.in//rooms/46196291?check_in=2022-09-15&check_out=2022-09-24&previous_page_section_name=1000&federated_search_id=8e5899a3-638a-42ae-a918-33862db7b378,Apartment in Honolulu,1 Bedroom Condo * Wyndham Waikiki Beach Walk,"‚Çπ26,337 per night",5
100,https://www.airbnb.co.in//rooms/2571277?check_in=2022-09-15&check_out=2022-09-24&previous_page_section_name=1000&federated_search_id=8e5899a3-638a-42ae-a918-33862db7b378,Private room in Honolulu,Charismatic  Wooden Ship,"‚Çπ11,582 per night, originally ‚Çπ13,370",4.8
101,https://www.airbnb.co.in//rooms/676685523088344570?check_in=2022-09-15&check_out=2022-09-24&previous_page_section_name=1000&federated_search_id=f3952eeb-8bca-44f1-bb6e-9f9c4368f6ee,Flat in Honolulu,"ROYAL GARDEN AT WAIKIKI, STUDIO FOR 2","‚Çπ22,640 per night",New
102,https://www.airbnb.co.in//rooms/549412341931604093?check_in=2022-09-15&check_out=2022-09-24&previous_page_section_name=1000&federated_search_id=f3952eeb-8bca-44f1-bb6e-9f9c4368f6ee,Hotel room in Honolulu,Private 1 BR O'hana Diamond Suite Near HNL Airport,"‚Çπ17,033 per night",3.8
103,https://www.airbnb.co.in//rooms/47290254?check_in=2022-09-15&check_out=2022-09-24&previous_page_section_name=1000&federated_search_id=f3952eeb-8bca-44f1-bb6e-9f9c4368f6ee,Bungalow in Laie,Bathtub beach oceanfront house! 30 day rental.,"‚Çπ91,467 per night",New
104,https://www.airbnb.co.in//rooms/649452629086921404?check_in=2022-09-15&check_out=2022-09-24&previous_page_section_name=1000&federated_search_id=f3952eeb-8bca-44f1-bb6e-9f9c4368f6ee,Private room in Honolulu,1 BR Wyndham Waikiki Beach Walk 11/4/22-11/10/22,"‚Çπ40,811 per night",New
105,https://www.airbnb.co.in//rooms/52600442?check_in=2022-09-15&check_out=2022-09-24&previous_page_section_name=1000&federated_search_id=f3952eeb-8bca-44f1-bb6e-9f9c4368f6ee,Apartment in Honolulu,Studio in Club Wyndham Royal Garden at Waikiki!,"‚Çπ20,001 per night",New
106,https://www.airbnb.co.in//rooms/15643814?check_in=2022-09-15&check_out=2022-09-24&previous_page_section_name=1000&federated_search_id=f3952eeb-8bca-44f1-bb6e-9f9c4368f6ee,Home in Haleiwa,Surfer's Headquarter w/ Ocean View * 3BR - 30days,"‚Çπ53,470 per night",4.7
107,https://www.airbnb.co.in//rooms/47440141?check_in=2022-09-15&check_out=2022-09-24&previous_page_section_name=1000&federated_search_id=f3952eeb-8bca-44f1-bb6e-9f9c4368f6ee,Apartment in Honolulu,*NEW* Royal Gardens at Waikiki Beach,"‚Çπ21,713 per night",New
108,https://www.airbnb.co.in//rooms/53701961?check_in=2022-09-15&check_out=2022-09-24&previous_page_section_name=1000&federated_search_id=f3952eeb-8bca-44f1-bb6e-9f9c4368f6ee,Hotel room in Honolulu,"SLEEPS 2, WAIKIKI, FUN AND SUN IN HAWAII","‚Çπ47,602 per night",New
109,https://www.airbnb.co.in//rooms/618988370724222403?check_in=2022-09-15&check_out=2022-09-24&previous_page_section_name=1000&federated_search_id=f3952eeb-8bca-44f1-bb6e-9f9c4368f6ee,Flat in Honolulu,Waikiki Studio Resort with Kitchen and Pool,"‚Çπ31,288 per night",New
110,https://www.airbnb.co.in//rooms/46196899?check_in=2022-09-15&check_out=2022-09-24&previous_page_section_name=1000&federated_search_id=f3952eeb-8bca-44f1-bb6e-9f9c4368f6ee,Apartment in Honolulu,1 BR Presidential * Wyndham Royal Garden @ Waikiki,"‚Çπ29,949 per night, originally ‚Çπ32,802",New
111,https://www.airbnb.co.in//rooms/47544790?check_in=2022-09-15&check_out=2022-09-24&previous_page_section_name=1000&federated_search_id=f3952eeb-8bca-44f1-bb6e-9f9c4368f6ee,Apartment in Honolulu,*1 BR Deluxe @ Wyndham Waikiki Beach*,"‚Çπ26,337 per night",New
112,https://www.airbnb.co.in//rooms/561439209029708603?check_in=2022-09-15&check_out=2022-09-24&previous_page_section_name=1000&federated_search_id=f3952eeb-8bca-44f1-bb6e-9f9c4368f6ee,Flat in Honolulu,Marina Resort at the Ilikai Studio,"‚Çπ22,812 per night",New
113,https://www.airbnb.co.in//rooms/563639984036993608?check_in=2022-09-15&check_out=2022-09-24&previous_page_section_name=1000&federated_search_id=f3952eeb-8bca-44f1-bb6e-9f9c4368f6ee,Flat in Honolulu,"Studio for 2, Royal Garden @ Waikiki, Wyndham","‚Çπ22,458 per night",New
114,https://www.airbnb.co.in//rooms/658183840816694025?check_in=2022-09-15&check_out=2022-09-24&previous_page_section_name=1000&federated_search_id=f3952eeb-8bca-44f1-bb6e-9f9c4368f6ee,Flat in Honolulu,Waikiki Beach Walk 2 Bedroom ( Sleeps 8 ),"‚Çπ61,217 per night",New
115,https://www.airbnb.co.in//rooms/658563901634245454?check_in=2022-09-15&check_out=2022-09-24&previous_page_section_name=1000&federated_search_id=f3952eeb-8bca-44f1-bb6e-9f9c4368f6ee,Flat in Honolulu,Royal Gardens Waikiki Studio,"‚Çπ18,278 per night",New
116,https://www.airbnb.co.in//rooms/560832927057080473?check_in=2022-09-15&check_out=2022-09-24&previous_page_section_name=1000&federated_search_id=f3952eeb-8bca-44f1-bb6e-9f9c4368f6ee,Flat in Honolulu,Royal Gardens Studio,"‚Çπ18,278 per night",New
117,https://www.airbnb.co.in//rooms/6992917?check_in=2022-09-15&check_out=2022-09-24&previous_page_section_name=1000&federated_search_id=f3952eeb-8bca-44f1-bb6e-9f9c4368f6ee,Villa in Honolulu,Stunning Estate w/ Ocean Views & Luxury Amenities,"‚Çπ2,82,127 per night",4.9
118,https://www.airbnb.co.in//rooms/659406111147457555?check_in=2022-09-15&check_out=2022-09-24&previous_page_section_name=1000&federated_search_id=f3952eeb-8bca-44f1-bb6e-9f9c4368f6ee,Flat in Honolulu,Royal Gardens Waikiki Studio,"‚Çπ18,278 per night",New
119,https://www.airbnb.co.in//rooms/1346576?check_in=2022-09-15&check_out=2022-09-24&previous_page_section_name=1000&federated_search_id=f3952eeb-8bca-44f1-bb6e-9f9c4368f6ee,Apartment in Honolulu,Honolulu Waikiki Marina Studio,"‚Çπ30,140 per night",4.4
120,https://www.airbnb.co.in//rooms/592779792983369539?check_in=2022-09-15&check_out=2022-09-24&previous_page_section_name=1000&federated_search_id=f3952eeb-8bca-44f1-bb6e-9f9c4368f6ee,Apartment in Honolulu,Regency on Beachwalk w/Partial Ocean Views!,"‚Çπ33,815 per night",New
121,https://www.airbnb.co.in//rooms/47440141?check_in=2022-09-15&check_out=2022-09-24&previous_page_section_name=1000&federated_search_id=3ce40af0-54fc-4f99-a285-3de4b640d770,Apartment in Honolulu,*NEW* Royal Gardens at Waikiki Beach,"‚Çπ21,713 per night",New
122,https://www.airbnb.co.in//rooms/30740304?check_in=2022-09-15&check_out=2022-09-24&previous_page_section_name=1000&federated_search_id=3ce40af0-54fc-4f99-a285-3de4b640d770,Apartment in Honolulu,1 bedroom at Waikiki Beach Walk,"‚Çπ25,805 per night",3.4
123,https://www.airbnb.co.in//rooms/658183840816694025?check_in=2022-09-15&check_out=2022-09-24&previous_page_section_name=1000&federated_search_id=3ce40af0-54fc-4f99-a285-3de4b640d770,Flat in Honolulu,Waikiki Beach Walk 2 Bedroom ( Sleeps 8 ),"‚Çπ61,217 per night",New
124,https://www.airbnb.co.in//rooms/592779792983369539?check_in=2022-09-15&check_out=2022-09-24&previous_page_section_name=1000&federated_search_id=3ce40af0-54fc-4f99-a285-3de4b640d770,Apartment in Honolulu,Regency on Beachwalk w/Partial Ocean Views!,"‚Çπ33,815 per night",New
125,https://www.airbnb.co.in//rooms/52600442?check_in=2022-09-15&check_out=2022-09-24&previous_page_section_name=1000&federated_search_id=3ce40af0-54fc-4f99-a285-3de4b640d770,Apartment in Honolulu,Studio in Club Wyndham Royal Garden at Waikiki!,"‚Çπ20,001 per night",New
126,https://www.airbnb.co.in//rooms/54007038?check_in=2022-09-15&check_out=2022-09-24&previous_page_section_name=1000&federated_search_id=3ce40af0-54fc-4f99-a285-3de4b640d770,Resort in Honolulu,WAIKIKI- ON THE BEACH- TROPICAL PARADISE,"‚Çπ58,949 per night",New
127,https://www.airbnb.co.in//rooms/675200817073920300?check_in=2022-09-15&check_out=2022-09-24&previous_page_section_name=1000&federated_search_id=3ce40af0-54fc-4f99-a285-3de4b640d770,Flat in Honolulu,Royal Garden at Waikiki Studio,"‚Çπ24,536 per night",New
128,https://www.airbnb.co.in//rooms/51554985?check_in=2022-09-15&check_out=2022-09-24&previous_page_section_name=1000&federated_search_id=3ce40af0-54fc-4f99-a285-3de4b640d770,Apartment in Kapolei,"Luxury KoOlina Beach Club, 2BR Villa + Amenities","‚Çπ77,793 per night, originally ‚Çπ98,455",New
129,https://www.airbnb.co.in//rooms/54020460?check_in=2022-09-15&check_out=2022-09-24&previous_page_section_name=1000&federated_search_id=3ce40af0-54fc-4f99-a285-3de4b640d770,Apartment in Honolulu,Royal Gardens at Waikiki studio,"‚Çπ24,536 per night",New
130,https://www.airbnb.co.in//rooms/52600584?check_in=2022-09-15&check_out=2022-09-24&previous_page_section_name=1000&federated_search_id=3ce40af0-54fc-4f99-a285-3de4b640d770,Apartment in Honolulu,1BR Pres in Club Wyndham Royal Garden at Waikiki!,"‚Çπ22,993 per night",New
131,https://www.airbnb.co.in//rooms/607908668815425290?check_in=2022-09-15&check_out=2022-09-24&previous_page_section_name=1000&federated_search_id=3ce40af0-54fc-4f99-a285-3de4b640d770,Flat in Honolulu,Waikiki Beach Walk 1 Bedroom,"‚Çπ29,614 per night",New
132,https://www.airbnb.co.in//rooms/649963631022450923?check_in=2022-09-15&check_out=2022-09-24&previous_page_section_name=1000&federated_search_id=3ce40af0-54fc-4f99-a285-3de4b640d770,Resort in Honolulu,"Prime Location! Restaurant, Near Saltwater Lagoon","‚Çπ48,137 per night",New
133,https://www.airbnb.co.in//rooms/52749858?check_in=2022-09-15&check_out=2022-09-24&previous_page_section_name=1000&federated_search_id=3ce40af0-54fc-4f99-a285-3de4b640d770,Apartment in Honolulu,2BR Condo Waikiki Beach Walk,"‚Çπ41,665 per night",New
134,https://www.airbnb.co.in//rooms/22370885?check_in=2022-09-15&check_out=2022-09-24&previous_page_section_name=1000&federated_search_id=3ce40af0-54fc-4f99-a285-3de4b640d770,Home in Honolulu,AMAZING SPACE 2 MILES FROM WAIKIKI.,"‚Çπ81,251 per night",4.6
135,https://www.airbnb.co.in//rooms/656373561506986263?check_in=2022-09-15&check_out=2022-09-24&previous_page_section_name=1000&federated_search_id=3ce40af0-54fc-4f99-a285-3de4b640d770,Flat in Honolulu,Waikiki Beach Walk 1 Bedroom,"‚Çπ28,707 per night",New
136,https://www.airbnb.co.in//rooms/1346576?check_in=2022-09-15&check_out=2022-09-24&previous_page_section_name=1000&federated_search_id=3ce40af0-54fc-4f99-a285-3de4b640d770,Apartment in Honolulu,Honolulu Waikiki Marina Studio,"‚Çπ30,140 per night",4.4
137,https://www.airbnb.co.in//rooms/48157180?check_in=2022-09-15&check_out=2022-09-24&previous_page_section_name=1000&federated_search_id=3ce40af0-54fc-4f99-a285-3de4b640d770,Campervan/Motorhome in Honolulu,Oahu Rental Mini-Van/Drivable!,"‚Çπ9,143 per night",5
138,https://www.airbnb.co.in//rooms/49016337?check_in=2022-09-15&check_out=2022-09-24&previous_page_section_name=1000&federated_search_id=3ce40af0-54fc-4f99-a285-3de4b640d770,Campervan/Motorhome in Haleiwa,Sandy the camper van,"‚Çπ14,513 per night",4.6
139,https://www.airbnb.co.in//rooms/5387397?check_in=2022-09-15&check_out=2022-09-24&previous_page_section_name=1000&federated_search_id=3ce40af0-54fc-4f99-a285-3de4b640d770,Home in Waialua,Waialua Sea & Mountain Adventures,"‚Çπ50,254 per night",4.6
140,https://www.airbnb.co.in//rooms/37494722?check_in=2022-09-15&check_out=2022-09-24&previous_page_section_name=1000&federated_search_id=3ce40af0-54fc-4f99-a285-3de4b640d770,Apartment in Honolulu,Enjoy Waikiki Beach Walk in a 1 Bedroom Condo,"‚Çπ27,257 per night",3.5
141,https://www.airbnb.co.in//rooms/649963631022450923?check_in=2022-09-15&check_out=2022-09-24&previous_page_section_name=1000&federated_search_id=db37bd07-6164-414c-a330-9ecfe570bbe5,Resort in Honolulu,"Prime Location! Restaurant, Near Saltwater Lagoon","‚Çπ48,137 per night",New
142,https://www.airbnb.co.in//rooms/51554985?check_in=2022-09-15&check_out=2022-09-24&previous_page_section_name=1000&federated_search_id=db37bd07-6164-414c-a330-9ecfe570bbe5,Apartment in Kapolei,"Luxury KoOlina Beach Club, 2BR Villa + Amenities","‚Çπ77,793 per night, originally ‚Çπ98,455",New
143,https://www.airbnb.co.in//rooms/54066639?check_in=2022-09-15&check_out=2022-09-24&previous_page_section_name=1000&federated_search_id=db37bd07-6164-414c-a330-9ecfe570bbe5,Apartment in Honolulu,Waikiki Beach Walk 1 Bedroom,"‚Çπ28,254 per night",New
144,https://www.airbnb.co.in//rooms/30733041?check_in=2022-09-15&check_out=2022-09-24&previous_page_section_name=1000&federated_search_id=db37bd07-6164-414c-a330-9ecfe570bbe5,Apartment in Honolulu,2 Bedroom Condo at Waikiki Beach Walk,"‚Çπ39,415 per night, originally ‚Çπ50,939",3.5
145,https://www.airbnb.co.in//rooms/52600584?check_in=2022-09-15&check_out=2022-09-24&previous_page_section_name=1000&federated_search_id=db37bd07-6164-414c-a330-9ecfe570bbe5,Apartment in Honolulu,1BR Pres in Club Wyndham Royal Garden at Waikiki!,"‚Çπ22,993 per night",New
146,https://www.airbnb.co.in//rooms/53257069?check_in=2022-09-15&check_out=2022-09-24&previous_page_section_name=1000&federated_search_id=db37bd07-6164-414c-a330-9ecfe570bbe5,Apartment in Honolulu,Waikiki Beach Walk 1 bedroom,"‚Çπ34,149 per night",New
147,https://www.airbnb.co.in//rooms/53702394?check_in=2022-09-15&check_out=2022-09-24&previous_page_section_name=1000&federated_search_id=db37bd07-6164-414c-a330-9ecfe570bbe5,Hotel room in Honolulu,"SLEEPS 3, MILITARY DELIGHT-WAIKIKI, WALK TO BEACH","‚Çπ51,626 per night",New
148,https://www.airbnb.co.in//rooms/656373561506986263?check_in=2022-09-15&check_out=2022-09-24&previous_page_section_name=1000&federated_search_id=db37bd07-6164-414c-a330-9ecfe570bbe5,Flat in Honolulu,Waikiki Beach Walk 1 Bedroom,"‚Çπ28,707 per night",New
149,https://www.airbnb.co.in//rooms/53977924?check_in=2022-09-15&check_out=2022-09-24&previous_page_section_name=1000&federated_search_id=db37bd07-6164-414c-a330-9ecfe570bbe5,Hotel room in Honolulu,"(Sleeps 6) Hilton On the Beach, White Sandy Beach","‚Çπ87,614 per night",New
150,https://www.airbnb.co.in//rooms/40965621?check_in=2022-09-15&check_out=2022-09-24&previous_page_section_name=1000&federated_search_id=db37bd07-6164-414c-a330-9ecfe570bbe5,Apartment in Honolulu,2 Bedroom Condo at Waikiki Beach Walk Resort!!!,"‚Çπ39,422 per night, originally ‚Çπ56,270",New
151,https://www.airbnb.co.in//rooms/16441239?check_in=2022-09-15&check_out=2022-09-24&previous_page_section_name=1000&federated_search_id=db37bd07-6164-414c-a330-9ecfe570bbe5,Chalet in Honolulu,"Pole House with Panoramic View, Your opportunity","‚Çπ44,194 per night",3.7
152,https://www.airbnb.co.in//rooms/53702062?check_in=2022-09-15&check_out=2022-09-24&previous_page_section_name=1000&federated_search_id=db37bd07-6164-414c-a330-9ecfe570bbe5,Hotel room in Honolulu,"SLEEPS 3, MILITARY WELCOMED!! ALOHA-WAIKIKI!!","‚Çπ48,932 per night",New
153,https://www.airbnb.co.in//rooms/53248750?check_in=2022-09-15&check_out=2022-09-24&previous_page_section_name=1000&federated_search_id=db37bd07-6164-414c-a330-9ecfe570bbe5,Apartment in Honolulu,Waikiki Beach Walk 1 bedroom,"‚Çπ34,149 per night",New
154,https://www.airbnb.co.in//rooms/607908668815425290?check_in=2022-09-15&check_out=2022-09-24&previous_page_section_name=1000&federated_search_id=db37bd07-6164-414c-a330-9ecfe570bbe5,Flat in Honolulu,Waikiki Beach Walk 1 Bedroom,"‚Çπ29,614 per night",New
155,https://www.airbnb.co.in//rooms/652856976216375721?check_in=2022-09-15&check_out=2022-09-24&previous_page_section_name=1000&federated_search_id=db37bd07-6164-414c-a330-9ecfe570bbe5,Flat in Honolulu,"(Sleeps 4) Oceanfront Waikiki, White Sandy Beaches","‚Çπ61,435 per night",New
156,https://www.airbnb.co.in//rooms/685633837088619566?check_in=2022-09-15&check_out=2022-09-24&previous_page_section_name=1000&federated_search_id=db37bd07-6164-414c-a330-9ecfe570bbe5,Hotel room in Honolulu,Beautiful- Walking distance to beach,"‚Çπ54,148 per night",New
157,https://www.airbnb.co.in//rooms/54058908?check_in=2022-09-15&check_out=2022-09-24&previous_page_section_name=1000&federated_search_id=db37bd07-6164-414c-a330-9ecfe570bbe5,Hotel room in Honolulu,"Waikiki, Walk to White Sandy Beach","‚Çπ40,590 per night",New
158,https://www.airbnb.co.in//rooms/43364454?check_in=2022-09-15&check_out=2022-09-24&previous_page_section_name=1000&federated_search_id=db37bd07-6164-414c-a330-9ecfe570bbe5,Home in Haleiwa,OceanView Pupukea 30-days+,"‚Çπ54,971 per night",New
159,https://www.airbnb.co.in//rooms/53965120?check_in=2022-09-15&check_out=2022-09-24&previous_page_section_name=1000&federated_search_id=db37bd07-6164-414c-a330-9ecfe570bbe5,Apartment in Honolulu,Waikiki Beach Walk 1 Bedroom,"‚Çπ34,149 per night",New
160,https://www.airbnb.co.in//rooms/666850683328052292?check_in=2022-09-15&check_out=2022-09-24&previous_page_section_name=1000&federated_search_id=db37bd07-6164-414c-a330-9ecfe570bbe5,Flat in Kapolei,"LUXURY Ko'Olina Beach Club, 2BR Villa + Amenities","‚Çπ93,479 per night",New
161,https://www.airbnb.co.in//rooms/607924022831050540?check_in=2022-09-15&check_out=2022-09-24&previous_page_section_name=1000&federated_search_id=1de5a635-f1e4-441c-8747-5d0d61ddca62,Flat in Honolulu,Waikiki Beach Walk 1 Bedroom,"‚Çπ29,614 per night",New
162,https://www.airbnb.co.in//rooms/53701961?check_in=2022-09-15&check_out=2022-09-24&previous_page_section_name=1000&federated_search_id=1de5a635-f1e4-441c-8747-5d0d61ddca62,Hotel room in Honolulu,"SLEEPS 2, WAIKIKI, FUN AND SUN IN HAWAII","‚Çπ47,602 per night",New
163,https://www.airbnb.co.in//rooms/53591135?check_in=2022-09-15&check_out=2022-09-24&previous_page_section_name=1000&federated_search_id=1de5a635-f1e4-441c-8747-5d0d61ddca62,Apartment in Honolulu,Waikiki Marina Front Resort* Studio Condo sleeps 4,"‚Çπ28,061 per night",New
164,https://www.airbnb.co.in//rooms/53248750?check_in=2022-09-15&check_out=2022-09-24&previous_page_section_name=1000&federated_search_id=1de5a635-f1e4-441c-8747-5d0d61ddca62,Apartment in Honolulu,Waikiki Beach Walk 1 bedroom,"‚Çπ34,149 per night",New
165,https://www.airbnb.co.in//rooms/675976399090659298?check_in=2022-09-15&check_out=2022-09-24&previous_page_section_name=1000&federated_search_id=1de5a635-f1e4-441c-8747-5d0d61ddca62,Flat in Honolulu,Waikiki Beach Walk 1 Bedroom,"‚Çπ30,884 per night",New
166,https://www.airbnb.co.in//rooms/676038006831164997?check_in=2022-09-15&check_out=2022-09-24&previous_page_section_name=1000&federated_search_id=1de5a635-f1e4-441c-8747-5d0d61ddca62,Flat in Honolulu,Waikiki Beach Walk 2 Bedroom,"‚Çπ46,301 per night",New
167,https://www.airbnb.co.in//rooms/21474016?check_in=2022-09-15&check_out=2022-09-24&previous_page_section_name=1000&federated_search_id=1de5a635-f1e4-441c-8747-5d0d61ddca62,Home in Mokuleia,World Class Views & Excellent Reviews/North Shore Oahu,"‚Çπ1,09,453 per night",4.7
168,https://www.airbnb.co.in//rooms/53981630?check_in=2022-09-15&check_out=2022-09-24&previous_page_section_name=1000&federated_search_id=1de5a635-f1e4-441c-8747-5d0d61ddca62,Resort in Honolulu,"NEAR OCEAN- Blue Tropical, White Sandy Beaches-HI","‚Çπ66,125 per night",New
169,https://www.airbnb.co.in//rooms/53328513?check_in=2022-09-15&check_out=2022-09-24&previous_page_section_name=1000&federated_search_id=1de5a635-f1e4-441c-8747-5d0d61ddca62,Apartment in Honolulu,Waikiki Beach Walk 1 bedroom,"‚Çπ34,149 per night",New
170,https://www.airbnb.co.in//rooms/54066584?check_in=2022-09-15&check_out=2022-09-24&previous_page_section_name=1000&federated_search_id=1de5a635-f1e4-441c-8747-5d0d61ddca62,Apartment in Honolulu,Waikiki Beach Walk 1 Bedroom,"‚Çπ31,882 per night",New
171,https://www.airbnb.co.in//rooms/53697137?check_in=2022-09-15&check_out=2022-09-24&previous_page_section_name=1000&federated_search_id=1de5a635-f1e4-441c-8747-5d0d61ddca62,Apartment in Honolulu,Waikiki Beach Walk 1 bedroom,"‚Çπ34,149 per night",New
172,https://www.airbnb.co.in//rooms/53233388?check_in=2022-09-15&check_out=2022-09-24&previous_page_section_name=1000&federated_search_id=1de5a635-f1e4-441c-8747-5d0d61ddca62,Hotel room in Honolulu,"Waikiki Sunset, 1 Bedroom Suites","‚Çπ73,148 per night",New
173,https://www.airbnb.co.in//rooms/40965621?check_in=2022-09-15&check_out=2022-09-24&previous_page_section_name=1000&federated_search_id=1de5a635-f1e4-441c-8747-5d0d61ddca62,Apartment in Honolulu,2 Bedroom Condo at Waikiki Beach Walk Resort!!!,"‚Çπ39,422 per night, originally ‚Çπ56,270",New
174,https://www.airbnb.co.in//rooms/685633837088619566?check_in=2022-09-15&check_out=2022-09-24&previous_page_section_name=1000&federated_search_id=1de5a635-f1e4-441c-8747-5d0d61ddca62,Hotel room in Honolulu,Beautiful- Walking distance to beach,"‚Çπ54,148 per night",New
175,https://www.airbnb.co.in//rooms/53977924?check_in=2022-09-15&check_out=2022-09-24&previous_page_section_name=1000&federated_search_id=1de5a635-f1e4-441c-8747-5d0d61ddca62,Hotel room in Honolulu,"(Sleeps 6) Hilton On the Beach, White Sandy Beach","‚Çπ87,614 per night",New
176,https://www.airbnb.co.in//rooms/53257069?check_in=2022-09-15&check_out=2022-09-24&previous_page_section_name=1000&federated_search_id=1de5a635-f1e4-441c-8747-5d0d61ddca62,Apartment in Honolulu,Waikiki Beach Walk 1 bedroom,"‚Çπ34,149 per night",New
177,https://www.airbnb.co.in//rooms/607927911720868498?check_in=2022-09-15&check_out=2022-09-24&previous_page_section_name=1000&federated_search_id=1de5a635-f1e4-441c-8747-5d0d61ddca62,Flat in Honolulu,Waikiki Beach Walk 2 Bedroom,"‚Çπ38,683 per night",New
178,https://www.airbnb.co.in//rooms/700855149009712501?check_in=2022-09-15&check_out=2022-09-24&previous_page_section_name=1000&federated_search_id=1de5a635-f1e4-441c-8747-5d0d61ddca62,Hotel room in Honolulu,Right in the heart of Waikiki,"‚Çπ39,904 per night, originally ‚Çπ48,646",New
179,https://www.airbnb.co.in//rooms/609762221065495126?check_in=2022-09-15&check_out=2022-09-24&previous_page_section_name=1000&federated_search_id=1de5a635-f1e4-441c-8747-5d0d61ddca62,Resort in Honolulu,2 BEDROOM GRAND WAIKIKIAN-HILTON GRAND VACATIONS!,"‚Çπ1,08,376 per night",New
180,https://www.airbnb.co.in//rooms/666706503061708903?check_in=2022-09-15&check_out=2022-09-24&previous_page_section_name=1000&federated_search_id=1de5a635-f1e4-441c-8747-5d0d61ddca62,Hotel room in Honolulu,"Honeymooner's Suite, Breathtaking OceanFront","‚Çπ77,886 per night",New
181,https://www.airbnb.co.in//rooms/681189493735531202?check_in=2022-09-15&check_out=2022-09-24&previous_page_section_name=1000&federated_search_id=d05fad30-d488-439e-9d44-2b7829da4c74,Flat in Kapolei,"LUXURY Ko'Olina Beach Club, 2BR Villa + Amenities","‚Çπ86,443 per night, originally ‚Çπ99,031",New
182,https://www.airbnb.co.in//rooms/31587563?check_in=2022-09-15&check_out=2022-09-24&previous_page_section_name=1000&federated_search_id=d05fad30-d488-439e-9d44-2b7829da4c74,Home in Honolulu,Kahala Place,"‚Çπ3,45,873 per night",New
183,https://www.airbnb.co.in//rooms/37494722?check_in=2022-09-15&check_out=2022-09-24&previous_page_section_name=1000&federated_search_id=d05fad30-d488-439e-9d44-2b7829da4c74,Apartment in Honolulu,Enjoy Waikiki Beach Walk in a 1 Bedroom Condo,"‚Çπ27,257 per night",3.5
184,https://www.airbnb.co.in//luxury/listing/20472043?check_in=2022-09-15&check_out=2022-09-24&previous_page_section_name=1000&federated_search_id=d05fad30-d488-439e-9d44-2b7829da4c74,Villa in Kailua,Plantation at Paradise Point,"‚Çπ3,57,622 per night",4.8
185,https://www.airbnb.co.in//rooms/52599298?check_in=2022-09-15&check_out=2022-09-24&previous_page_section_name=1000&federated_search_id=d05fad30-d488-439e-9d44-2b7829da4c74,Apartment in Honolulu,2BR Presidential @ Club Wyndham Waikiki Beach Walk,"‚Çπ39,953 per night",New
186,https://www.airbnb.co.in//rooms/675200817073920300?check_in=2022-09-15&check_out=2022-09-24&previous_page_section_name=1000&federated_search_id=d05fad30-d488-439e-9d44-2b7829da4c74,Flat in Honolulu,Royal Garden at Waikiki Studio,"‚Çπ24,536 per night",New
187,https://www.airbnb.co.in//rooms/53233388?check_in=2022-09-15&check_out=2022-09-24&previous_page_section_name=1000&federated_search_id=d05fad30-d488-439e-9d44-2b7829da4c74,Hotel room in Honolulu,"Waikiki Sunset, 1 Bedroom Suites","‚Çπ73,148 per night",New
188,https://www.airbnb.co.in//rooms/54018658?check_in=2022-09-15&check_out=2022-09-24&previous_page_section_name=1000&federated_search_id=d05fad30-d488-439e-9d44-2b7829da4c74,Hotel room in Honolulu,Sleeps 4- In the Heart of Waikiki,"‚Çπ45,844 per night",New
189,https://www.airbnb.co.in//rooms/632346260646468485?check_in=2022-09-15&check_out=2022-09-24&previous_page_section_name=1000&federated_search_id=d05fad30-d488-439e-9d44-2b7829da4c74,Resort in Honolulu,Waikiki Marina Resort at the Ilikai HI,"‚Çπ54,726 per night",New
190,https://www.airbnb.co.in//rooms/47549832?check_in=2022-09-15&check_out=2022-09-24&previous_page_section_name=1000&federated_search_id=d05fad30-d488-439e-9d44-2b7829da4c74,Resort in Honolulu,"Waikiki Resort and Marina Honolulu,HI-Studio","‚Çπ34,455 per night",New
191,https://www.airbnb.co.in//rooms/53265108?check_in=2022-09-15&check_out=2022-09-24&previous_page_section_name=1000&federated_search_id=d05fad30-d488-439e-9d44-2b7829da4c74,Hotel room in Honolulu,"Hilton On the Ocean, Breathtaking and Charming","‚Çπ78,030 per night",New
192,https://www.airbnb.co.in//rooms/607924022831050540?check_in=2022-09-15&check_out=2022-09-24&previous_page_section_name=1000&federated_search_id=d05fad30-d488-439e-9d44-2b7829da4c74,Flat in Honolulu,Waikiki Beach Walk 1 Bedroom,"‚Çπ29,614 per night",New
193,https://www.airbnb.co.in//rooms/609762221065495126?check_in=2022-09-15&check_out=2022-09-24&previous_page_section_name=1000&federated_search_id=d05fad30-d488-439e-9d44-2b7829da4c74,Resort in Honolulu,2 BEDROOM GRAND WAIKIKIAN-HILTON GRAND VACATIONS!,"‚Çπ1,08,376 per night",New
194,https://www.airbnb.co.in//rooms/700855149009712501?check_in=2022-09-15&check_out=2022-09-24&previous_page_section_name=1000&federated_search_id=d05fad30-d488-439e-9d44-2b7829da4c74,Hotel room in Honolulu,Right in the heart of Waikiki,"‚Çπ39,904 per night, originally ‚Çπ48,646",New
195,https://www.airbnb.co.in//rooms/612196369564823601?check_in=2022-09-15&check_out=2022-09-24&previous_page_section_name=1000&federated_search_id=d05fad30-d488-439e-9d44-2b7829da4c74,Apartment in Honolulu,The Imperial Hawaii Resort at Waikiki,"‚Çπ62,217 per night",New
196,https://www.airbnb.co.in//rooms/53315150?check_in=2022-09-15&check_out=2022-09-24&previous_page_section_name=1000&federated_search_id=d05fad30-d488-439e-9d44-2b7829da4c74,Hotel room in Honolulu,"(SLEEPS 6) High Class, Ultra-Luxurious, Oceanfront","‚Çπ7,18,648 per night",New
197,https://www.airbnb.co.in//rooms/53615968?check_in=2022-09-15&check_out=2022-09-24&previous_page_section_name=1000&federated_search_id=d05fad30-d488-439e-9d44-2b7829da4c74,Hotel room in Honolulu,"(Sleeps 5), BeachFront, White Sandy Waikiki","‚Çπ94,273 per night",New
198,https://www.airbnb.co.in//rooms/666696022786065743?check_in=2022-09-15&check_out=2022-09-24&previous_page_section_name=1000&federated_search_id=d05fad30-d488-439e-9d44-2b7829da4c74,Hotel room in Honolulu,"(Sleeps 4) Oceanfront, breathtaking, Sandy Beaches","‚Çπ60,111 per night",New
199,https://www.airbnb.co.in//rooms/676038006831164997?check_in=2022-09-15&check_out=2022-09-24&previous_page_section_name=1000&federated_search_id=d05fad30-d488-439e-9d44-2b7829da4c74,Flat in Honolulu,Waikiki Beach Walk 2 Bedroom,"‚Çπ46,301 per night",New
200,https://www.airbnb.co.in//rooms/52598213?check_in=2022-09-15&check_out=2022-09-24&previous_page_section_name=1000&federated_search_id=d05fad30-d488-439e-9d44-2b7829da4c74,Apartment in Honolulu,1 BR @ Club Wyndham Waikiki Beach Walk in Hawaii!,"‚Çπ29,977 per night",New
201,https://www.airbnb.co.in//rooms/40803517?check_in=2022-09-15&check_out=2022-09-24&previous_page_section_name=1000&federated_search_id=1bafda75-f786-4279-a931-d4c74b97bb35,Apartment in Waikiki,1 Bedroom Condo at Waikiki Beach Walk!,"‚Çπ27,813 per night",New
202,https://www.airbnb.co.in//rooms/54007121?check_in=2022-09-15&check_out=2022-09-24&previous_page_section_name=1000&federated_search_id=1bafda75-f786-4279-a931-d4c74b97bb35,Hotel room in Waikiki,"PERFECT FOR 2, BEST AFFORDABLE STAY IN WAIKIKI","‚Çπ40,811 per night",New
203,https://www.airbnb.co.in//rooms/656368710049916184?check_in=2022-09-15&check_out=2022-09-24&previous_page_section_name=1000&federated_search_id=1bafda75-f786-4279-a931-d4c74b97bb35,Flat in Waikiki,Waikiki Beachwalk 1 Bedroom,"‚Çπ26,742 per night",New
204,https://www.airbnb.co.in//rooms/675981966357783736?check_in=2022-09-15&check_out=2022-09-24&previous_page_section_name=1000&federated_search_id=1bafda75-f786-4279-a931-d4c74b97bb35,Flat in Waikiki,Waikiki Beach Walk 1 Bedroom,"‚Çπ34,149 per night",New
205,https://www.airbnb.co.in//rooms/54329182?check_in=2022-09-15&check_out=2022-09-24&previous_page_section_name=1000&federated_search_id=1bafda75-f786-4279-a931-d4c74b97bb35,Resort in Waikiki,"Ultimate Island Getaway! Pools, Restaurant/Bar!","‚Çπ47,091 per night",New
206,https://www.airbnb.co.in//rooms/54092734?check_in=2022-09-15&check_out=2022-09-24&previous_page_section_name=1000&federated_search_id=1bafda75-f786-4279-a931-d4c74b97bb35,Apartment in Waikiki,Waikiki Beach Walk 2 Bedroom,"‚Çπ55,008 per night",New
207,https://www.airbnb.co.in//rooms/675976399090659298?check_in=2022-09-15&check_out=2022-09-24&previous_page_section_name=1000&federated_search_id=1bafda75-f786-4279-a931-d4c74b97bb35,Flat in Waikiki,Waikiki Beach Walk 1 Bedroom,"‚Çπ30,884 per night",New
208,https://www.airbnb.co.in//rooms/53314776?check_in=2022-09-15&check_out=2022-09-24&previous_page_section_name=1000&federated_search_id=1bafda75-f786-4279-a931-d4c74b97bb35,Hotel room in Waikiki,"(SLEEPS 6) Ultra-Luxurious, for the Wealthy!","‚Çπ8,08,432 per night",New
209,https://www.airbnb.co.in//rooms/675981006192530970?check_in=2022-09-15&check_out=2022-09-24&previous_page_section_name=1000&federated_search_id=1bafda75-f786-4279-a931-d4c74b97bb35,Flat in Waikiki,Waikiki Beach Walk 1 Bedroom,"‚Çπ33,242 per night",New
210,https://www.airbnb.co.in//rooms/53934134?check_in=2022-09-15&check_out=2022-09-24&previous_page_section_name=1000&federated_search_id=1bafda75-f786-4279-a931-d4c74b97bb35,Apartment in Waikiki,Waikiki Beach Walk 2 Bedroom,"‚Çπ50,020 per night",New
211,https://www.airbnb.co.in//rooms/53265066?check_in=2022-09-15&check_out=2022-09-24&previous_page_section_name=1000&federated_search_id=1bafda75-f786-4279-a931-d4c74b97bb35,Hotel room in Waikiki,"Sleeps 6, ULTRA LUXURIOUS & PRESTIGE","‚Çπ8,07,968 per night",New
212,https://www.airbnb.co.in//rooms/47338760?check_in=2022-09-15&check_out=2022-09-24&previous_page_section_name=1000&federated_search_id=1bafda75-f786-4279-a931-d4c74b97bb35,Resort in Waikiki,"Waikiki Resort and Marina Honolulu,HI-Studio","‚Çπ62,737 per night",New
213,https://www.airbnb.co.in//rooms/607927911720868498?check_in=2022-09-15&check_out=2022-09-24&previous_page_section_name=1000&federated_search_id=1bafda75-f786-4279-a931-d4c74b97bb35,Flat in Waikiki,Waikiki Beach Walk 2 Bedroom,"‚Çπ38,683 per night",New
214,https://www.airbnb.co.in//rooms/15493119?check_in=2022-09-15&check_out=2022-09-24&previous_page_section_name=1000&federated_search_id=1bafda75-f786-4279-a931-d4c74b97bb35,Apartment in Waikiki,Wyndham Waikiki Beach Walk Resort,"‚Çπ99,793 per night",5
215,https://www.airbnb.co.in//rooms/53170941?check_in=2022-09-15&check_out=2022-09-24&previous_page_section_name=1000&federated_search_id=1bafda75-f786-4279-a931-d4c74b97bb35,Hotel room in Waikiki,"The Trump Hotel, Walk to Beach, Charming/Romantic","‚Çπ1,42,566 per night",New
216,https://www.airbnb.co.in//rooms/53172418?check_in=2022-09-15&check_out=2022-09-24&previous_page_section_name=1000&federated_search_id=1bafda75-f786-4279-a931-d4c74b97bb35,Hotel room in Waikiki,This is fascinating with royalty and romance.,"‚Çπ1,15,104 per night",New
217,https://www.airbnb.co.in//rooms/53170680?check_in=2022-09-15&check_out=2022-09-24&previous_page_section_name=1000&federated_search_id=1bafda75-f786-4279-a931-d4c74b97bb35,Hotel room in Waikiki,"The Hilton by the Sea, Charming and Romantic","‚Çπ78,086 per night",New
218,https://www.airbnb.co.in//rooms/551426227140654142?check_in=2022-09-15&check_out=2022-09-24&previous_page_section_name=1000&federated_search_id=1bafda75-f786-4279-a931-d4c74b97bb35,Resort in Waikiki,"Hilton, High-Class, Oceanfront","‚Çπ1,09,004 per night",New
219,https://www.airbnb.co.in//rooms/587961236178790285?check_in=2022-09-15&check_out=2022-09-24&previous_page_section_name=1000&federated_search_id=1bafda75-f786-4279-a931-d4c74b97bb35,Flat in Waikiki,Waikiki Beach Walk 1 Bedroom,"‚Çπ49,608 per night",New
220,https://www.airbnb.co.in//rooms/663011543748320272?check_in=2022-09-15&check_out=2022-09-24&previous_page_section_name=1000&federated_search_id=1bafda75-f786-4279-a931-d4c74b97bb35,Hotel room in Waikiki,"(Sleeps 5), Free Breakfast, Waikiki Luxury Hotel","‚Çπ86,842 per night",New
221,https://www.airbnb.co.in//rooms/676039754853246975?check_in=2022-09-15&check_out=2022-09-24&previous_page_section_name=1000&federated_search_id=845f3481-f5f0-468c-b254-ca18f2555c88,Flat in Honolulu,Waikiki Beach Walk 2 Bedroom,"‚Çπ47,299 per night",New
222,https://www.airbnb.co.in//rooms/676041721759972332?check_in=2022-09-15&check_out=2022-09-24&previous_page_section_name=1000&federated_search_id=845f3481-f5f0-468c-b254-ca18f2555c88,Flat in Honolulu,Waikiki Beach Walk 2 Bedroom,"‚Çπ49,929 per night",New
223,https://www.airbnb.co.in//rooms/51150585?check_in=2022-09-15&check_out=2022-09-24&previous_page_section_name=1000&federated_search_id=845f3481-f5f0-468c-b254-ca18f2555c88,Home in Laie,Clean House - Private Ocean Access - Location!,"‚Çπ68,018 per night",New
224,https://www.airbnb.co.in//rooms/52599390?check_in=2022-09-15&check_out=2022-09-24&previous_page_section_name=1000&federated_search_id=845f3481-f5f0-468c-b254-ca18f2555c88,Apartment in Honolulu,3BR Presidential @ Club Wyndham Waikiki Beach Walk,"‚Çπ69,881 per night",New
225,https://www.airbnb.co.in//rooms/662753646769048171?check_in=2022-09-15&check_out=2022-09-24&previous_page_section_name=1000&federated_search_id=845f3481-f5f0-468c-b254-ca18f2555c88,Hotel room in Honolulu,"On The Ocean, beautiful White Sandy Beaches","‚Çπ1,09,098 per night",New
226,https://www.airbnb.co.in//rooms/685613269358175382?check_in=2022-09-15&check_out=2022-09-24&previous_page_section_name=1000&federated_search_id=845f3481-f5f0-468c-b254-ca18f2555c88,Hotel room in Honolulu,In the Heart of Waikiki,"‚Çπ52,303 per night",New
227,https://www.airbnb.co.in//rooms/53214129?check_in=2022-09-15&check_out=2022-09-24&previous_page_section_name=1000&federated_search_id=845f3481-f5f0-468c-b254-ca18f2555c88,Hotel room in Honolulu,"Hilton, „Éí„É´„Éà„É≥ „Éê„Ç§ „Ç∂ „Ç™„Éº„Ç∑„É£„É≥„ÄÅ„Çπ„É™„Éº„Éó„Çπ „Ç¢„ÉÉ„Éó 4","‚Çπ2,24,393 per night",New
228,https://www.airbnb.co.in//rooms/54007148?check_in=2022-09-15&check_out=2022-09-24&previous_page_section_name=1000&federated_search_id=845f3481-f5f0-468c-b254-ca18f2555c88,Hotel room in Honolulu,"Waikiki Fun in the Sun, Romantic Getaway","‚Çπ77,087 per night",New
229,https://www.airbnb.co.in//rooms/53239114?check_in=2022-09-15&check_out=2022-09-24&previous_page_section_name=1000&federated_search_id=845f3481-f5f0-468c-b254-ca18f2555c88,Hotel room in Honolulu,"(Sleeps 5) Waikiki Tropical Paradise, On the Beach","‚Çπ80,600 per night",New
230,https://www.airbnb.co.in//rooms/639279757439019972?check_in=2022-09-15&check_out=2022-09-24&previous_page_section_name=1000&federated_search_id=845f3481-f5f0-468c-b254-ca18f2555c88,Flat in Honolulu,Waikiki Beach Walk 2 Bedroom Presidential,"‚Çπ59,089 per night",New
231,https://www.airbnb.co.in//rooms/54020269?check_in=2022-09-15&check_out=2022-09-24&previous_page_section_name=1000&federated_search_id=845f3481-f5f0-468c-b254-ca18f2555c88,Apartment in Honolulu,Royal Gardens at Waikiki 1 Bedroom presidential,"‚Çπ54,464 per night",New
232,https://www.airbnb.co.in//rooms/515044886720126057?check_in=2022-09-15&check_out=2022-09-24&previous_page_section_name=1000&federated_search_id=845f3481-f5f0-468c-b254-ca18f2555c88,Apartment in Honolulu,Wyndham Waikiki Beach Walk Resort,"‚Çπ99,793 per night",New
233,https://www.airbnb.co.in//rooms/50681547?check_in=2022-09-15&check_out=2022-09-24&previous_page_section_name=1000&federated_search_id=845f3481-f5f0-468c-b254-ca18f2555c88,Resort in Honolulu,IMPERIAL HAWAII VACATION CLUB 2 BEDROOM SUITE!,"‚Çπ90,238 per night",New
234,https://www.airbnb.co.in//rooms/666704956288059148?check_in=2022-09-15&check_out=2022-09-24&previous_page_section_name=1000&federated_search_id=845f3481-f5f0-468c-b254-ca18f2555c88,Hotel room in Honolulu,"Oceanfront, Breaktaking, White Sandy Beaches","‚Çπ79,639 per night",New
235,https://www.airbnb.co.in//rooms/41897311?check_in=2022-09-15&check_out=2022-09-24&previous_page_section_name=1000&federated_search_id=845f3481-f5f0-468c-b254-ca18f2555c88,Flat in Honolulu,A spectacular site during a spectacular time,"‚Çπ45,346 per night",New
236,https://www.airbnb.co.in//rooms/53239165?check_in=2022-09-15&check_out=2022-09-24&previous_page_section_name=1000&federated_search_id=845f3481-f5f0-468c-b254-ca18f2555c88,Hotel room in Honolulu,"Waikiki Pacific Ocean, Beautiful, Clean","‚Çπ1,61,612 per night",New
237,https://www.airbnb.co.in//rooms/53172175?check_in=2022-09-15&check_out=2022-09-24&previous_page_section_name=1000&federated_search_id=845f3481-f5f0-468c-b254-ca18f2555c88,Hotel room in Honolulu,"Trump Hotel, „Éà„É©„É≥„Éó„ÉØ„Ç§„Ç≠„Ç≠, Êµ∑„Å´Ê≠©„Åè, „É≠„Éû„É≥„ÉÅ„ÉÉ„ÇØ","‚Çπ1,19,085 per night",New
238,https://www.airbnb.co.in//rooms/53239198?check_in=2022-09-15&check_out=2022-09-24&previous_page_section_name=1000&federated_search_id=845f3481-f5f0-468c-b254-ca18f2555c88,Hotel room in Honolulu,Sleeps 5- Waikiki-Tropical Paradise,"‚Çπ78,804 per night",New
239,https://www.airbnb.co.in//rooms/676040972597206979?check_in=2022-09-15&check_out=2022-09-24&previous_page_section_name=1000&federated_search_id=845f3481-f5f0-468c-b254-ca18f2555c88,Flat in Honolulu,Waikiki Beach Walk 2 Bedroom,"‚Çπ48,478 per night",New
240,https://www.airbnb.co.in//rooms/53184130?check_in=2022-09-15&check_out=2022-09-24&previous_page_section_name=1000&federated_search_id=845f3481-f5f0-468c-b254-ca18f2555c88,Hotel room in Honolulu,"(Sleeps up to 4), Near Ocean, Charming & Romantic","‚Çπ1,01,250 per night",New
241,https://www.airbnb.co.in//rooms/54008194?check_in=2022-09-15&check_out=2022-09-24&previous_page_section_name=1000&federated_search_id=cf183d58-0986-47d3-9109-8c166373bd9f,Hotel room in Waikiki,"WAIKIKI- ON KALAKAUA AVENUE, HIGH-CLASS","‚Çπ65,751 per night",New
242,https://www.airbnb.co.in//rooms/53385741?check_in=2022-09-15&check_out=2022-09-24&previous_page_section_name=1000&federated_search_id=cf183d58-0986-47d3-9109-8c166373bd9f,Hotel room in Waikiki,(SLEEPS 5) WAIKIKI- WALK TO BEACH,"‚Çπ91,488 per night",New
243,https://www.airbnb.co.in//rooms/609770214123389117?check_in=2022-09-15&check_out=2022-09-24&previous_page_section_name=1000&federated_search_id=cf183d58-0986-47d3-9109-8c166373bd9f,Resort in Waikiki,2BEDROOM-THE GRAND ISLANDER HILTON GRAND VACATIONS,"‚Çπ1,31,502 per night",New
244,https://www.airbnb.co.in//rooms/53784697?check_in=2022-09-15&check_out=2022-09-24&previous_page_section_name=1000&federated_search_id=cf183d58-0986-47d3-9109-8c166373bd9f,Hotel room in Waikiki,"In the Heart of Waikiki, Beautiful Hawaii!","‚Çπ56,302 per night",New
245,https://www.airbnb.co.in//rooms/53239234?check_in=2022-09-15&check_out=2022-09-24&previous_page_section_name=1000&federated_search_id=cf183d58-0986-47d3-9109-8c166373bd9f,Hotel room in Waikiki,"(Sleeps 4), Waikiki- Tropical Paradise","‚Çπ62,643 per night",New
246,https://www.airbnb.co.in//rooms/50211157?check_in=2022-09-15&check_out=2022-09-24&previous_page_section_name=1000&federated_search_id=cf183d58-0986-47d3-9109-8c166373bd9f,Resort in Waikiki,2/2 HAWAIIAN VILLAGE-HILTON GRAND VACATIONS CLUB!,"‚Çπ1,49,187 per night",New
247,https://www.airbnb.co.in//rooms/51355874?check_in=2022-09-15&check_out=2022-09-24&previous_page_section_name=1000&federated_search_id=cf183d58-0986-47d3-9109-8c166373bd9f,Hotel room in Waikiki,"(Sleeps 4)- Waikiki, Walk to Beach","‚Çπ80,690 per night",New
248,https://www.airbnb.co.in//rooms/53385469?check_in=2022-09-15&check_out=2022-09-24&previous_page_section_name=1000&federated_search_id=cf183d58-0986-47d3-9109-8c166373bd9f,Hotel room in Waikiki,"(SLEEPS UP TO 6), WAIKIKI- WALK TO BEACH","‚Çπ2,77,676 per night",New
249,https://www.airbnb.co.in//rooms/609692138842591563?check_in=2022-09-15&check_out=2022-09-24&previous_page_section_name=1000&federated_search_id=cf183d58-0986-47d3-9109-8c166373bd9f,Resort in Waikiki,2BEDROOM GRAND ISLANDER BY HILTON GRAND VACATIONS!,"‚Çπ1,26,514 per night",New
250,https://www.airbnb.co.in//rooms/51520597?check_in=2022-09-15&check_out=2022-09-24&previous_page_section_name=1000&federated_search_id=cf183d58-0986-47d3-9109-8c166373bd9f,Hotel room in Waikiki,(Sleeps 4)Waikiki-Walk to White Sandy Beaches,"‚Çπ60,354 per night",New
251,https://www.airbnb.co.in//rooms/53792432?check_in=2022-09-15&check_out=2022-09-24&previous_page_section_name=1000&federated_search_id=cf183d58-0986-47d3-9109-8c166373bd9f,Hotel room in Waikiki,(Sleeps 4) Ocean View. Hilton Waikiki- Beautiful,"‚Çπ1,18,085 per night",New
252,https://www.airbnb.co.in//rooms/50211377?check_in=2022-09-15&check_out=2022-09-24&previous_page_section_name=1000&federated_search_id=cf183d58-0986-47d3-9109-8c166373bd9f,Resort in Waikiki,WYNDHAM AT WAIKIKI BEACH WALK-3 BEDROOM SUITE,"‚Çπ3,12,885 per night",New
