,Link,Name,Subtitle,Original_price,Sale_price
0,,,,,
1,https://www.nike.com/in/t/dunk-high-retro-shoes-j0DFKd/DJ6189-400,Nike Dunk High Retro,Men's Shoes,₹ 10 295,₹ 9 777
2,https://www.nike.com/in/t/air-more-uptempo-96-shoes-33Qdlb/DQ5014-100,Nike Air More Uptempo '96,Men's Shoes,₹ 15 995,₹ 15 197
3,https://www.nike.com/in/t/air-jordan-1-mid-se-shoes-hHltxp/DN4904-001,Air Jordan 1 Mid SE,Men's Shoes,₹ 10 295,₹ 9 777
4,https://www.nike.com/in/t/air-force-1-fontanka-shoes-LtBCnn/DA7024-101,Nike Air Force 1 Fontanka,Women's Shoes,₹ 9 295,₹ 8 827
5,https://www.nike.com/in/t/air-force-1-07-lx-shoes-RbMfC9/DV1031-030,Nike Air Force 1 '07 LX,Women's Shoes,₹ 8 695,₹ 8 257
6,https://www.nike.com/in/t/dunk-high-retro-shoe-DdRmMZ/DD1399-800,Nike Dunk High Retro,Men's Shoe,₹ 9 295,₹ 8 827
7,https://www.nike.com/in/t/air-jordan-6-retro-older-shoes-w3m8Pg/DM9045-100,Air Jordan 6 Retro,Older Kids' Shoes,₹ 10 995,₹ 10 447
8,https://www.nike.com/in/t/air-zoom-pegasus-38-flyease-easy-on-off-road-running-shoes-04tB9v/DA6698-700,Nike Air Zoom Pegasus 38 FlyEase,Women's Easy On/Off Road Running Shoes,₹ 9 995,₹ 9 497
9,https://www.nike.com/in/t/jordan-series-es-shoes-FDtg9v/DN1856-060,Jordan Series ES,Men's Shoes,₹ 7 495,₹ 7 117
10,https://www.nike.com/in/t/renew-ride-3-road-running-shoes-fzS091/DC8185-400,Nike Renew Ride 3,Men's Road Running Shoes,₹ 6 295,₹ 5 977
11,https://www.nike.com/in/t/jordan-dri-fit-zion-french-terry-pullover-hoodie-gwFhzx/DR2100-410,Jordan Dri-FIT x Zion,Men's French Terry Pullover Hoodie,₹ 3 995,₹ 3 797
12,https://www.nike.com/in/t/air-force-1-high-07-lv8-vintage-shoes-s7bp1q/DM0209-101,Nike Air Force 1 High '07 LV8 Vintage,Men's Shoes,₹ 11 295,₹ 10 727
13,https://www.nike.com/in/t/sb-zoom-blazer-low-pro-gt-skate-shoes-xMq2vr/DM8890-100,Nike SB Zoom Blazer Low Pro GT Premium,Skate Shoes,₹ 7 495,₹ 7 117
14,https://www.nike.com/in/t/air-max-90-se-shoes-C2hpvg/DM0036-100,Nike Air Max 90 SE,Men's Shoes,₹ 11 895,₹ 11 297
15,https://www.nike.com/in/t/revolution-6-next-nature-road-running-shoes-vjrrwc/DC3729-401,Nike Revolution 6 Next Nature,Women's Road Running Shoes,₹ 3 695,₹ 3 507
16,https://www.nike.com/in/t/air-zoom-pegasus-39-road-running-shoes-pmNJM1/DO9580-400,Nike Air Zoom Pegasus 39 Premium,Men's Road Running Shoes,₹ 11 595,₹ 11 017
17,https://www.nike.com/in/t/renew-serenity-run-road-running-shoes-BVzhTq/DB0522-600,Nike Renew Serenity Run,Women's Road Running Shoes,₹ 6 795,₹ 6 457
18,https://www.nike.com/in/t/dunk-high-1985-sp-shoes-Kwc210/DD9404-800,Nike Dunk High 1985 SP,Shoes,₹ 11 495,₹ 10 917
19,https://www.nike.com/in/t/jordan-air-200e-shoes-RJ2RrL/DC9836-060,Jordan Air 200E,Men's Shoes,₹ 11 995,₹ 11 397
20,https://www.nike.com/in/t/lebron-19-basketball-shoes-t8kzPM/DH8459-900,LeBron 19,Basketball Shoes,₹ 18 695,₹ 17 757
21,https://www.nike.com/in/t/air-force-1-lv8-next-nature-older-shoes-HtVd5W/DM0984-700,Nike Air Force 1 LV8 Next Nature,Older Kids' Shoes,₹ 6 995,₹ 6 647
22,https://www.nike.com/in/t/air-max-97-se-shoes-Qt2gjv/DH4759-001,Nike Air Max 97 SE,Men's Shoes,₹ 16 995,₹ 16 147
23,https://www.nike.com/in/t/air-max-90-shoes-7nQqVj/DC6083-200,Nike Air Max 90,Men's Shoes,₹ 12 495,₹ 11 867
24,https://www.nike.com/in/t/go-flyease-shoes-3svRCL/DR5540-101,Nike Go FlyEase,Shoes,₹ 11 895,₹ 11 297
25,https://www.nike.com/in/t/air-vapormax-2021-fk-se-shoes-l6pF9m/DN3074-001,Nike Air VaporMax 2021 FK SE,Men's Shoes,₹ 18 695,₹ 17 757
26,https://www.nike.com/in/t/air-force-1-07-lx-shoes-HGDjf9/DC8894-100,Nike Air Force 1 '07 LX,Men's Shoes,₹ 10 295,₹ 9 777
27,https://www.nike.com/in/t/air-force-1-07-se-shoes-fcXS74/DJ9944-101,Nike Air Force 1 '07 SE,Women's Shoes,₹ 9 695,₹ 9 207
28,https://www.nike.com/in/t/overbreak-shoes-2TgCBF/DC8240-800,Nike Overbreak,Men's Shoes,₹ 12 495,₹ 11 867
29,https://www.nike.com/in/t/air-force-1-high-07-lv8-shoe-tCJTql/DH7453-001,Nike Air Force 1 High '07 LV8,Men's Shoe,₹ 11 295,₹ 10 727
30,https://www.nike.com/in/t/zoomx-streakfly-road-racing-shoes-H9cRPz/DV1034-010,Nike ZoomX Streakfly,Road Racing Shoes,₹ 14 995,₹ 14 247
31,https://www.nike.com/in/t/air-max-excee-shoe-lPbXqt/CD4165-112,Nike Air Max Excee,Men's Shoe,₹ 7 995,₹ 7 597
32,https://www.nike.com/in/t/air-force-1-07-lxx-shoes-dMqgKQ/DH0775-201,Nike Air Force 1 '07 LXX,Women's Shoes,₹ 9 295,₹ 8 827
33,https://www.nike.com/in/t/dri-fit-heritage-10cm-knit-brief-lined-running-shorts-v1Dj64/DM4740-475,Nike Dri-FIT Heritage,Men's 10cm (approx.) Knit Brief-Lined Running Shorts,₹ 3 095,₹ 2 937
34,https://www.nike.com/in/t/air-max-pre-day-shoes-q32F4N/DQ4989-206,Nike Air Max Pre-Day,Women's Shoes,₹ 12 995,₹ 12 347
35,https://www.nike.com/in/t/dri-fit-standard-issue-basketball-hoodie-qkBG3N/DH6809-355,Nike Dri-FIT Standard Issue,Men's Basketball Hoodie,₹ 6 295,₹ 5 977
36,https://www.nike.com/in/t/air-max-2021-se-shoes-xCGnZG/DN0721-001,Nike Air Max 2021 SE,Men's Shoes,₹ 14 995,₹ 14 247
37,https://www.nike.com/in/t/air-force-1-07-next-nature-shoes-KrLJdd/DM0208-800,Nike Air Force 1 '07 Premium Next Nature,Men's Shoes,₹ 12 795,₹ 12 157
38,https://www.nike.com/in/t/air-force-1-07-se-shoes-J2qs7m/DQ0231-100,Nike Air Force 1 '07 SE,Women's Shoes,₹ 9 695,₹ 9 207
39,https://www.nike.com/in/t/air-force-1-lxx-serena-williams-design-crew-shoes-lTpkHq/DM5036-100,Nike Air Force 1 LXX x Serena Williams Design Crew,Women's Shoes,₹ 11 495,₹ 10 917
40,https://www.nike.com/in/t/air-force-1-react-shoe-7gcHDc/DH7615-100,Nike Air Force 1 React,Men's Shoe,₹ 11 995,₹ 11 397
41,https://www.nike.com/in/t/lebron-19-basketball-shoes-pbfCF3/CZ0203-101,LeBron 19,Basketball Shoes,₹ 17 595,₹ 16 717
42,https://www.nike.com/in/t/dunk-low-shoes-R8Sn2r/DR0159-200,Nike Dunk Low,Men's Shoes,₹ 10 995,₹ 10 447
43,https://www.nike.com/in/t/sb-blazer-court-mid-skate-shoes-NVfCvz/DM8553-300,Nike SB Blazer Court Mid Premium,Skate Shoes,₹ 7 495,₹ 7 117
44,https://www.nike.com/in/t/dri-fit-player-print-golf-polo-4lzl9X/DH0946-100,Nike Dri-FIT Player,Men's Print Golf Polo,₹ 3 295,₹ 3 127
45,https://www.nike.com/in/t/dri-fit-acg-uv-snowgrass-all-over-print-top-5tfwS7/DN3942-072,Nike Dri-FIT ACG UV 'Snowgrass',Men's All-over Print Top,₹ 7 295,₹ 6 927
46,https://www.nike.com/in/t/air-max-pre-day-se-shoes-mqXhQz/DM0037-001,Nike Air Max Pre-Day SE,Men's Shoes,₹ 13 995,₹ 13 297
47,https://www.nike.com/in/t/sb-skate-top-VmWzzP/DH2661-010,Nike SB,Skate Top,₹ 3 995,₹ 3 797
48,https://www.nike.com/in/t/air-max-pre-day-se-shoes-cW3Spd/DH4642-001,Nike Air Max Pre-Day SE,Men's Shoes,₹ 13 995,₹ 13 297
49,https://www.nike.com/in/t/jordan-ls-slides-v8c9t9/CZ0791-801,Jordan LS,Slides,₹ 6 795,₹ 6 457
50,https://www.nike.com/in/t/zoom-fly-4-road-running-shoes-Jx98CR/DO2421-739,Nike Zoom Fly 4,Road Running Shoes,₹ 15 995,₹ 15 197
51,https://www.nike.com/in/t/air-force-1-boot-92f1QT/DD0747-300,Nike Air Force 1,Men's Boot,₹ 16 595,₹ 15 767
52,https://www.nike.com/in/t/air-jordan-1-low-older-shoes-jkGrMn/DM8969-114,Air Jordan 1 Low,Older Kids' Shoes,₹ 7 495,₹ 7 117
53,https://www.nike.com/in/t/air-huarache-shoes-Vvl0cN/DV0781-001,Nike Air Huarache Premium,Men's Shoes,₹ 11 895,₹ 11 297
54,https://www.nike.com/in/t/dunk-high-up-shoes-gRJdm6/DQ5012-133,Nike Dunk High Up Premium,Women's Shoes,₹ 12 995,₹ 12 347
55,https://www.nike.com/in/t/dunk-low-lx-shoes-2gkqJ1/DM7606-300,Nike Dunk Low LX,Women's Shoes,₹ 10 795,₹ 10 257
56,https://www.nike.com/in/t/phantom-gt2-dynamic-fit-elite-fg-football-boots-c2H8s5/CZ9889-808,Nike Phantom GT2 Dynamic Fit Elite FG,Firm-Ground Football Boot,₹ 21 995,₹ 20 897
57,https://www.nike.com/in/t/air-zoom-vomero-16-road-running-shoes-h0KMSg/DA7245-006,Nike Air Zoom Vomero 16,Men's Road Running Shoes,₹ 13 495,₹ 12 817
58,https://www.nike.com/in/t/sb-zoom-blazer-mid-prm-skate-shoes-d2kKTg/DM0859-700,Nike SB Zoom Blazer Mid PRM,Skate Shoes,₹ 8 695,₹ 8 257
59,https://www.nike.com/in/t/air-force-1-mid-qs-shoes-8cbvzC/DH5623-101,Nike Air Force 1 Mid QS,Men's Shoes,₹ 10 295,₹ 9 777
60,https://www.nike.com/in/t/victori-one-printed-slide-2ZsMWk/CN9678-403,Nike Victori One,Men's Printed Slide,₹ 2 595,₹ 2 467
61,https://www.nike.com/in/t/renew-ride-3-road-running-shoes-xh13Qv/DC8184-006,Nike Renew Ride 3,Women's Road Running Shoes,₹ 6 295,₹ 5 977
62,https://www.nike.com/in/t/acronym-blazer-low-shoes-CgxHLR/DN2067-600,Nike x ACRONYM® Blazer Low,Shoes,₹ 12 495,₹ 11 867
63,https://www.nike.com/in/t/force-1-lv8-younger-shoes-pQxmns/DM4253-100,Nike Force 1 LV8,Younger Kids' Shoes,₹ 5 995,₹ 5 697
64,https://www.nike.com/in/t/air-more-uptempo-96-shoes-444QJd/DJ4400-001,Nike Air More Uptempo '96,Men's Shoes,₹ 14 495,₹ 13 767
65,https://www.nike.com/in/t/liverpool-fc-football-t-shirt-hrgmjL/DM3483-100,Liverpool F.C.,Men's Football T-Shirt,₹ 1 595,₹ 1 517
66,https://www.nike.com/in/t/air-huarache-se-shoes-bbqqHt/DQ0117-100,Nike Air Huarache SE,Women's Shoes,₹ 11 895,₹ 11 297
67,https://www.nike.com/in/t/pegasus-trail-3-trail-running-shoes-wgbxdt/DA8698-300,Nike Pegasus Trail 3,Women's Trail Running Shoes,₹ 11 495,₹ 10 917
68,https://www.nike.com/in/t/waffle-trainer-2-se-shoes-gm2RN7/DM0180-100,Nike Waffle Trainer 2 SE,Men's Shoes,₹ 8 695,₹ 8 257
69,https://www.nike.com/in/t/zoomx-streakfly-road-racing-shoes-V17qZm/DJ6566-100,Nike ZoomX Streakfly,Road Racing Shoes,₹ 14 995,₹ 14 247
70,https://www.nike.com/in/t/air-wio-9-road-running-shoes-185Kr9/DD6203-400,Nike Air Winflo 9,Men's Road Running Shoes,₹ 8 495,₹ 8 067
71,https://www.nike.com/in/t/jordan-1-cot-bootie-6blXxr/AT3745-161,Jordan 1,Baby Cot Bootie,₹ 3 495,₹ 3 317
72,https://www.nike.com/in/t/quest-4-road-running-shoes-M6Fx93/DA8723-011,Nike Quest 4 Premium,Women's Road Running Shoes,₹ 6 795,₹ 6 457
73,https://www.nike.com/in/t/daybreak-se-shoes-HDf2Bj/DM7605-101,Nike Daybreak SE,Women's Shoes,₹ 9 695,₹ 9 207
74,https://www.nike.com/in/t/flow-2020-ispa-se-shoes-9mcpjh/DH4026-200,Nike Flow 2020 iSPA SE,Shoes,₹ 17 595,₹ 16 717
75,https://www.nike.com/in/t/force-1-lv8-shoes-qfzsZK/DM4254-100,Nike Force 1 LV8,Baby/Toddler Shoes,₹ 3 995,₹ 3 797
76,https://www.nike.com/in/t/nikecourt-zoom-nxt-hard-court-tennis-shoes-MPFhX3/DH0219-410,NikeCourt Zoom NXT,Men's Hard Court Tennis Shoes,₹ 12 995,₹ 12 347
77,https://www.nike.com/in/t/paris-saint-germain-older-dri-fit-pre-match-football-top-Z4bg0C/DB7694-015,Paris Saint-Germain,Older Kids' Nike Dri-FIT Pre-Match Football Top,₹ 2 995,₹ 2 847
78,https://www.nike.com/in/t/sportswear-style-essentials-unlined-cropped-trousers-S14LQP/DD7033-010,Nike Sportswear Style Essentials,Men's Unlined Cropped Trousers,₹ 3 995,₹ 3 797
79,https://www.nike.com/in/t/sportswear-t-shirt-x94RgX/DM6408-407,Nike Sportswear,Men's T-Shirt,₹ 1 795,₹ 1 707
80,https://www.nike.com/in/t/sportswear-older-t-shirt-tSGqXc/DO1332-610,Nike Sportswear,Older Kids' (Girls') T-Shirt,₹ 1 195,₹ 1 137
81,https://www.nike.com/in/t/acg-lowcate-shoes-HjWrQ6/DM8019-001,Nike ACG Lowcate,Shoes,₹ 9 695,₹ 9 207
82,https://www.nike.com/in/t/acg-short-sleeve-t-shirt-FcRBP0/DQ2907-326,Nike ACG,Women's Short-Sleeve T-Shirt,₹ 2 195,₹ 2 087
83,https://www.nike.com/in/t/offline-3-mules-93ljNp/DJ5226-001,Nike Offline 3.0,Mules,₹ 9 695,₹ 9 207
84,https://www.nike.com/in/t/air-max-motif-older-shoe-XW76bm/DH9388-101,Nike Air Max Motif,Older Kids' Shoe,₹ 9 995,₹ 9 497
85,https://www.nike.com/in/t/air-dri-fit-short-sleeve-running-top-BD9wqC/DM7790-610,Nike Air Dri-FIT,Women's Short-Sleeve Running Top,₹ 2 595,₹ 2 467
86,https://www.nike.com/in/t/acg-air-mada-shoes-fNjmJd/DM3004-200,Nike ACG Air Mada,Men's Shoes,₹ 12 995,₹ 12 347
87,https://www.nike.com/in/t/yoga-dri-fit-tank-dkhplB/DM6579-010,Nike Yoga Dri-FIT,Men's Tank,₹ 2 595,₹ 2 467
88,https://www.nike.com/in/t/air-jordan-tracksuit-bottoms-2K9vVw/DQ4651-612,Air Jordan,Women's Joggers,₹ 4 495,₹ 4 267
89,https://www.nike.com/in/t/one-luxe-mid-rise-pocket-leggings-S5cp94/AT3099-507,Nike One Luxe,Women's Mid-Rise Pocket Leggings,₹ 3 995,₹ 3 797
90,https://www.nike.com/in/t/react-infinity-run-flyknit-3-road-running-shoes-S5Srkq/DH5392-003,Nike React Infinity Run Flyknit 3,Men's Road Running Shoes,₹ 13 995,₹ 13 297
91,https://www.nike.com/in/t/air-older-pullover-hoodie-qw9t2Z/DD8712-010,Nike Air,Older Kids' (Boys') Pullover Hoodie,₹ 3 695,₹ 3 507
92,https://www.nike.com/in/t/jordan-itage-long-sleeve-t-shirt-VDZVjf/DM5255-104,Jordan (Her)itage,Women's Long-Sleeve T-Shirt,₹ 2 495,₹ 2 367
93,https://www.nike.com/in/t/sportswear-jdi-t-shirt-fWxmBB/AR5007-657,Nike Sportswear JDI,Men's T-Shirt,₹ 1 495,₹ 1 417
94,https://www.nike.com/in/t/sb-zoom-verona-slip-prm-elissa-steamer-skate-shoes-jQWCF9/DM4424-700,Nike SB Zoom Verona Slip PRM x Elissa Steamer,Skate Shoes,₹ 7 495,₹ 7 117
95,https://www.nike.com/in/t/air-older-french-terry-crop-hoodie-sK0mFs/DM8372-100,Nike Air,Older Kids' (Girls') French Terry Crop Hoodie,₹ 3 095,₹ 2 937
96,https://www.nike.com/in/t/sb-skate-jumper-fGGqMC/DD0578-010,Nike SB,Skate Jumper,₹ 5 995,₹ 5 697
97,https://www.nike.com/in/t/sb-skate-shorts-3qcVQp/DH2940-410,Nike SB,Skate Shorts,₹ 3 395,₹ 3 227
98,https://www.nike.com/in/t/air-trainer-1-sp-shoes-6QJXK2/DH7338-300,Nike Air Trainer 1 SP,Men's Shoes,₹ 10 295,₹ 9 777
99,https://www.nike.com/in/t/sportswear-older-t-shirt-R6D1nJ/DQ4389-100,Nike Sportswear,Older Kids' (Girls') T-Shirt,₹ 1 395,₹ 1 327
100,https://www.nike.com/in/t/jordan-jumpman-jacket-Wz6mwH/DJ0242-241,Jordan Jumpman,Men's Jacket,₹ 8 995,₹ 8 547
101,https://www.nike.com/in/t/sportswear-swoosh-woven-high-rise-shorts-XkGXk4/DM6753-254,Nike Sportswear Swoosh,Women's Woven High-Waisted Shorts,₹ 2 595,₹ 2 467
102,https://www.nike.com/in/t/naomi-osaka-printed-shorts-q9PPxl/DD8816-821,Naomi Osaka,Women's Printed Shorts,₹ 5 195,₹ 4 937
103,https://www.nike.com/in/t/liverpool-fc-2021-22-stadium-home-older-football-shirt-5DtPb9/DB2568-688,Liverpool F.C. 2021/22 Stadium Home,Older Kids' Football Shirt,₹ 3 995,₹ 3 797
104,https://www.nike.com/in/t/air-fleece-shorts-xqlz2D/DM6471-010,Nike Air,Women's Fleece Shorts,₹ 2 695,₹ 2 557
105,https://www.nike.com/in/t/nikecourt-air-zoom-gp-turbo-naomi-osaka-clay-tennis-shoes-zJpx8L/DX0667-400,NikeCourt Air Zoom GP Turbo Naomi Osaka,Women's Clay Tennis Shoes,₹ 13 995,₹ 13 297
106,https://www.nike.com/in/t/sportswear-maxi-skirt-T90frQ/DV0589-824,Nike Sportswear,Women's Maxi Skirt,₹ 3 295,₹ 3 127
107,https://www.nike.com/in/t/air-zoom-terra-kiger-8-trail-running-shoes-gVwLbV/DH0649-002,Nike Air Zoom Terra Kiger 8,Men's Trail-Running Shoes,₹ 12 995,₹ 12 347
108,https://www.nike.com/in/t/t-shirt-XgxCRt/DR5758-010,Nike,Men's T-Shirt,₹ 2 495,₹ 2 367
109,https://www.nike.com/in/t/dri-fit-older-training-top-8Q4BNJ/DM8541-010,Nike Dri-FIT,Older Kids' (Boys') Training Top,₹ 1 395,₹ 1 327
110,https://www.nike.com/in/t/dri-fit-icon-clash-tempo-mid-rise-all-over-print-running-shorts-s49R9g/DM7742-610,Nike Dri-FIT Icon Clash Tempo,Women's Mid-Rise All-Over Print Running Shorts,₹ 2 095,₹ 1 987
111,https://www.nike.com/in/t/nikecourt-zoom-pro-hard-court-tennis-shoes-vLKJ5T/DH0990-555,NikeCourt Zoom Pro,Women's Hard Court Tennis Shoes,₹ 8 895,₹ 8 447
112,https://www.nike.com/in/t/brooklyn-nets-city-edition-dri-fit-nba-swingman-jersey-WszLpS/DB4018-400,Brooklyn Nets City Edition,Nike Dri-FIT NBA Swingman Jersey,₹ 6 495,₹ 6 167
113,https://www.nike.com/in/t/new-orleans-pelicans-city-edition-dri-fit-nba-swingman-jersey-MF7LdM/DB4037-100,New Orleans Pelicans City Edition,Nike Dri-FIT NBA Swingman Jersey,₹ 6 495,₹ 6 167
114,https://www.nike.com/in/t/md-valiant-se-older-shoes-49Q9lS/DM1273-100,Nike MD Valiant SE,Older Kids' Shoes,₹ 5 495,₹ 5 217
115,https://www.nike.com/in/t/dri-fit-heritage-10cm-brief-lined-running-shorts-qxxh7C/DM4802-435,Nike Dri-FIT Heritage,Men's 10cm (approx.) Brief-Lined Running Shorts,₹ 2 195,₹ 2 087
116,https://www.nike.com/in/t/sportswear-icon-clash-short-sleeve-top-wsdVw4/DM6270-010,Nike Sportswear Icon Clash,Women's Short-Sleeve Top,₹ 2 295,₹ 2 177
117,https://www.nike.com/in/t/dri-fit-tempo-icon-clash-2-in-1-running-shorts-DdTz90/DD6949-010,Nike Dri-FIT Tempo Icon Clash,Women's 2-In-1 Running Shorts,₹ 2 095,₹ 1 987
118,https://www.nike.com/in/t/esc-jumper-m3zZGG/DN4061-021,Nike ESC,Women's Jumper,₹ 16 995,₹ 16 147
119,https://www.nike.com/in/t/waffle-one-crater-shoes-v9ffbl/DQ4491-300,Nike Waffle One Crater,Women's Shoes,₹ 9 695,₹ 9 207
120,https://www.nike.com/in/t/liverpool-fc-older-dri-fit-pre-match-football-top-hbTnMr/DB7701-017,Liverpool F.C.,Older Kids' Nike Dri-FIT Pre-Match Football Top,₹ 2 995,₹ 2 847
121,https://www.nike.com/in/t/indy-light-support-padded-all-over-print-sports-bra-Lgmwrl/DM0558-058,Nike Indy,Women's Light-Support Padded All-Over Print Sports Bra,₹ 2 595,₹ 2 467
122,https://www.nike.com/in/t/sportswear-circa-72-high-rise-bike-shorts-28cfTG/DM6778-861,Nike Sportswear Circa 72,Women's High-Rise Bike Shorts,₹ 2 895,₹ 2 747
123,https://www.nike.com/in/t/zoom-fly-4-road-running-shoes-JGJ3Gz/DO9583-700,Nike Zoom Fly 4 Premium,Men's Road Running Shoes,₹ 15 995,₹ 15 197
124,https://www.nike.com/in/t/superrep-go-3-next-nature-flyknit-training-shoes-mxKptW/DH3394-017,Nike SuperRep Go 3 Next Nature Flyknit,Men's Training Shoes,₹ 8 895,₹ 8 447
125,https://www.nike.com/in/t/dri-fit-tempo-older-printed-running-shorts-MCm2VW/DM8224-010,Nike Dri-FIT Tempo,Older Kids' (Girls') Printed Running Shorts,₹ 1 495,₹ 1 417
126,https://www.nike.com/in/t/sb-skate-water-shorts-6XtntC/DH2953-394,Nike SB,Skate Water Shorts,₹ 3 095,₹ 2 937
127,https://www.nike.com/in/t/air-tuned-max-shoes-JXFNGP/DC9391-200,Nike Air Tuned Max,Men's Shoes,₹ 15 495,₹ 14 717
128,https://www.nike.com/in/t/dri-fit-short-sleeve-trail-running-t-shirt-k5cK4m/DM5424-104,Nike Dri-FIT,Short-Sleeve Trail Running T-Shirt,₹ 1 795,₹ 1 707
129,https://www.nike.com/in/t/sb-reversible-skate-bucket-hat-fm0rx8/DR0125-394,Nike SB,Reversible Skate Bucket Hat,₹ 1 995,₹ 1 897
130,https://www.nike.com/in/t/crater-remixa-shoes-fX2fDZ/DC6916-003,Nike Crater Remixa,Men's Shoes,₹ 5 495,₹ 5 217
131,https://www.nike.com/in/t/air-kukini-shoes-mc7SbV/DJ6418-001,Nike Air Kukini,Men's Shoes,₹ 12 795,₹ 12 157
132,https://www.nike.com/in/t/air-pique-polo-TKTkMx/DM6465-610,Nike Air,Women's Pique Polo,₹ 2 895,₹ 2 747
133,https://www.nike.com/in/t/react-pegasus-trail-4-trail-running-shoes-ccqgBb/DJ6159-800,Nike React Pegasus Trail 4,Women's Trail Running Shoes,₹ 11 595,₹ 11 017
134,https://www.nike.com/in/t/sportswear-polo-9LgBf1/CJ4457-886,Nike Sportswear,Men's Polo,₹ 1 795,₹ 1 707
135,https://www.nike.com/in/t/air-force-1-crater-flyknit-older-shoes-ZqBXCz/DM1060-001,Nike Air Force 1 Crater Flyknit,Older Kids' Shoes,₹ 7 995,₹ 7 597
136,https://www.nike.com/in/t/dri-fit-academy-older-short-sleeve-football-top-JFSSPT/CW6103-845,Nike Dri-FIT Academy,Older Kids' Short-Sleeve Football Top,₹ 895,₹ 847
137,https://www.nike.com/in/t/fc-barcelona-strike-dri-fit-short-sleeve-football-top-Xzmrrd/DB6913-015,F.C. Barcelona Strike,Men's Nike Dri-FIT Short-Sleeve Football Top,₹ 2 495,₹ 2 367
138,https://www.nike.com/in/t/air-max-97-se-shoes-P6pDkp/DM8588-100,Nike Air Max 97 SE,Men's Shoes,₹ 16 995,₹ 16 147
139,https://www.nike.com/in/t/jordan-air-200e-older-shoes-BsnlwW/DM9677-061,Jordan Air 200E,Older Kids' Shoes,₹ 7 495,₹ 7 117
140,https://www.nike.com/in/t/sport-clash-training-top-1xD6rz/DM6497-010,Nike Sport Clash,Men's Training Top,₹ 2 595,₹ 2 467
141,https://www.nike.com/in/t/sportswear-short-sleeve-crop-top-THknCZ/DV4143-494,Nike Sportswear,Women's Short-Sleeve Crop Top,₹ 2 195,₹ 2 087
142,https://www.nike.com/in/t/jordan-itage-diamond-shorts-PNxzN6/DO5032-100,Jordan (Her)itage,Women's Diamond Shorts,₹ 2 995,₹ 2 847
143,https://www.nike.com/in/t/paul-george-clippers-icon-edition-2020-nba-swingman-jersey-0KknPV/CW3668-403,Paul George Clippers Icon Edition 2020,Nike NBA Swingman Jersey,₹ 4 995,₹ 4 747
144,https://www.nike.com/in/t/dri-fit-one-luxe-slim-fit-printed-top-56Mtrf/DM7337-273,Nike Dri-FIT One Luxe,Women's Slim Fit Printed Top,₹ 2 895,₹ 2 747
145,https://www.nike.com/in/t/victori-one-print-slides-cz4wps/CN9676-800,Nike Victori One,Women's Print Slides,₹ 2 595,₹ 2 467
146,https://www.nike.com/in/t/liverpool-fc-2021-22-match-third-dri-fit-adv-football-shirt-BDjgCc/DB5889-704,Liverpool F.C. 2021/22 Match Third,Men's Nike Dri-FIT ADV Football Shirt,₹ 7 995,₹ 7 597
147,https://www.nike.com/in/t/acg-short-sleeve-t-shirt-bV2djw/DC5346-121,Nike ACG,Short-Sleeve T-Shirt,₹ 2 495,₹ 2 367
148,https://www.nike.com/in/t/fc-tribuna-lined-football-shorts-R65dgN/DH9679-410,Nike F.C. Tribuna,Men's Lined Football Shorts,₹ 2 895,₹ 2 747
149,https://www.nike.com/in/t/sky-jordan-1-and-shoe-td3n17/BQ7196-041,Sky Jordan 1,Baby and Toddler Shoe,₹ 3 495,₹ 3 317
150,https://www.nike.com/in/t/yoga-high-waisted-7-8-leggings-bwC0g8/CU5294-010,Nike Yoga,Women's High-Waisted 7/8 Leggings,₹ 3 095,₹ 2 937
151,https://www.nike.com/in/t/af-1-t-shirt-ZQmXs1/DR5756-010,Nike AF-1,Men's T-Shirt,₹ 2 495,₹ 2 367
152,https://www.nike.com/in/t/jordan-essentials-tank-6Rqft7/DO5048-821,Jordan Essentials,Women's Tank,₹ 2 195,₹ 2 087
153,https://www.nike.com/in/t/air-max-2021-shoes-383M4j/DA1923-600,Nike Air Max 2021,Women's Shoes,₹ 14 495,₹ 13 767
154,https://www.nike.com/in/t/swoosh-icon-clash-support-padded-strappy-printed-sports-bra-fW4Dd0/DM0666-610,Nike Swoosh Icon Clash,Women's Medium-Support Padded Strappy Printed Sports Bra,₹ 2 195,₹ 2 087
155,https://www.nike.com/in/t/sportswear-tech-pack-unlined-gilet-TM2n9s/DM5535-737,Nike Sportswear Tech Pack,Men's Unlined Gilet,₹ 8 295,₹ 7 877
156,https://www.nike.com/in/t/polo-polo-fWcPxf/DB3264-100,The Nike Polo,Men's Polo,₹ 2 995,₹ 2 847
157,https://www.nike.com/in/t/air-max-90-ltr-se-older-shoes-22n0dz/DM0956-100,Nike Air Max 90 LTR SE,Older Kids' Shoes,₹ 7 995,₹ 7 597
158,https://www.nike.com/in/t/nikecourt-victory-tennis-polo-6vWL1q/CV2474-530,NikeCourt Victory,Women's Tennis Polo Shirt,₹ 2 195,₹ 2 087
159,https://www.nike.com/in/t/run-division-mid-rise-running-leggings-dJLBtG/DM7750-010,Nike Run Division,Women's Mid-Rise Running Leggings,₹ 5 995,₹ 5 697
160,https://www.nike.com/in/t/t-shirt-s3H14v/DV0683-010,Nike,Men's T-Shirt,₹ 2 695,₹ 2 557
161,https://www.nike.com/in/t/dri-fit-trail-1-2-length-pocket-trail-running-tights-tfGFsZ/DM4796-410,Nike Dri-FIT Trail,Men's 1/2-Length Pocket Trail Running Tights,₹ 4 195,₹ 3 987
162,https://www.nike.com/in/t/air-older-dress-bJbRPg/DO7164-085,Nike Air,Older Kids' (Girls') Dress,₹ 3 095,₹ 2 937
163,https://www.nike.com/in/t/zoom-fly-4-road-running-shoes-xq63Db/DN2658-101,Nike Zoom Fly 4 Premium,Women's Road Running Shoes,₹ 15 995,₹ 15 197
164,https://www.nike.com/in/t/dri-fit-heritage-running-t-shirt-fk5qfW/DM5440-133,Nike Dri-FIT Heritage,Running T-Shirt,₹ 1 795,₹ 1 707
165,https://www.nike.com/in/t/dri-fit-flex-stride-wild-run-unlined-18cm-running-shorts-cqNS0C/DD5341-045,Nike Dri-FIT Flex Stride Wild Run,Men's Unlined 18cm (approx.) Running Shorts,₹ 2 795,₹ 2 657
166,https://www.nike.com/in/t/nikecourt-dri-fit-tennis-t-shirt-6c1pQv/DD8588-366,NikeCourt Dri-FIT,Men's Tennis T-Shirt,₹ 1 795,₹ 1 707
167,https://www.nike.com/in/t/phantom-gt2-elite-fg-football-boot-wRNH0g/CZ9890-007,Nike Phantom GT2 Elite FG,Firm-Ground Football Boot,₹ 21 995,₹ 20 897
168,https://www.nike.com/in/t/acg-snowgrass-all-over-print-cargo-shorts-nZ00Gv/DN3948-072,Nike ACG 'Snowgrass',Men's All-Over Print Cargo Shorts,₹ 5 795,₹ 5 507
169,https://www.nike.com/in/t/nikecourt-heritage86-naomi-osaka-printed-tennis-hat-fWx8HD/DR0490-821,NikeCourt Heritage86 Naomi Osaka,Printed Tennis Hat,₹ 1 695,₹ 1 607
170,https://www.nike.com/in/t/blazer-low-platform-shoes-rQqcvS/DN0744-100,Nike Blazer Low Platform,Women's Shoes,₹ 8 195,₹ 7 787
171,https://www.nike.com/in/t/escape-run-flyknit-road-running-shoes-ffDrKV/DC4269-300,Nike Escape Run Flyknit,Women's Road Running Shoes,₹ 11 495,₹ 10 917
172,https://www.nike.com/in/t/dri-fit-graphic-training-t-shirt-FrhZ2C/DM6256-010,Nike Dri-FIT,Men's Graphic Training T-Shirt,₹ 1 595,₹ 1 517
173,https://www.nike.com/in/t/yoga-luxe-7-8-high-rise-leggings-XRfGp1/DM7672-217,Nike Yoga Luxe,Women's 7/8 High-Rise Leggings,₹ 5 295,₹ 5 027
174,https://www.nike.com/in/t/air-max-dawn-shoes-LVntLp/DC4068-100,Nike Air Max Dawn,Women's Shoes,₹ 9 295,₹ 8 827
175,https://www.nike.com/in/t/liverpool-fc-dri-fit-football-polo-ZhMVs9/DB7885-617,Liverpool F.C.,Men's Nike Dri-FIT Football Polo,₹ 3 295,₹ 3 127
176,https://www.nike.com/in/t/dri-fit-one-elastika-standard-fit-tank-drxszW/DD4942-611,Nike Dri-FIT One Elastika,Women's Standard Fit Tank,₹ 1 495,₹ 1 417
177,https://www.nike.com/in/t/liverpool-fc-2021-22-stadium-home-football-shirt-gcNpBV/DB2560-688,Liverpool F.C. 2021/22 Stadium Home,Men's Football Shirt,₹ 4 695,₹ 4 457
178,https://www.nike.com/in/t/zion-shorts-1k7fQS/DR2113-010,Zion,Men's Shorts,₹ 3 495,₹ 3 317
179,https://www.nike.com/in/t/air-zoom-pegasus-38-road-running-shoes-4PMfGR/DQ4994-010,Nike Air Zoom Pegasus 38,Men's Road Running Shoes,₹ 11 495,₹ 10 917
180,https://www.nike.com/in/t/naomi-osaka-collection-cropped-tennis-top-trPTd2/DM2168-404,Naomi Osaka Collection,Women's Cropped Tennis Top,₹ 3 195,₹ 3 037
181,https://www.nike.com/in/t/waffle-one-shoes-3b5FpS/DM7604-600,Nike Waffle One,Women's Shoes,₹ 8 695,₹ 8 257
182,https://www.nike.com/in/t/fontanka-waffle-shoes-LXjtwp/DC3579-300,Nike Fontanka Waffle,Women's Shoes,₹ 8 295,₹ 7 877
183,https://www.nike.com/in/t/sportswear-oversized-fleece-crew-top-xVp5rS/DM6322-404,Nike Sportswear,Women's Oversized Fleece Crew Top,₹ 4 295,₹ 4 077
184,https://www.nike.com/in/t/jordan-itage-shorts-fgWxlc/DO5017-010,Jordan (Her)itage,Women's Shorts,₹ 3 495,₹ 3 317
185,https://www.nike.com/in/t/jordan-essentials-diamond-shorts-cFL9l2/DO5041-126,Jordan Essentials,Women's Diamond Shorts,₹ 3 495,₹ 3 317
186,https://www.nike.com/in/t/swoosh-support-1-piece-padded-longline-sports-bra-5br4C7/CZ4497-010,Nike Swoosh,Women's Medium-Support 1-Piece Padded Longline Sports Bra,₹ 2 195,₹ 2 087
187,https://www.nike.com/in/t/sb-skate-t-shirt-kdj04X/DQ1855-133,Nike SB,Skate T-Shirt,₹ 1 795,₹ 1 707
188,https://www.nike.com/in/t/nikecourt-react-vapor-nxt-hard-court-tennis-shoes-hJflW9/CV0724-009,NikeCourt React Vapor NXT,Men's Hard Court Tennis Shoes,₹ 14 495,₹ 13 767
189,https://www.nike.com/in/t/zoomx-invincible-run-flyknit-2-road-running-shoes-0lCQ5S/DC9993-101,Nike ZoomX Invincible Run Flyknit 2,Women's Road Running Shoes,₹ 16 995,₹ 16 147
190,https://www.nike.com/in/t/yoga-dri-fit-adv-high-rise-18cm-shorts-RGZm9z/DM7664-668,Nike Yoga Dri-FIT ADV,Women's High-Rise 18cm (approx.) Shorts,₹ 3 995,₹ 3 797
191,https://www.nike.com/in/t/air-jordan-crew-sweatshirt-bltvmR/DQ4649-322,Air Jordan,Women's Crew Sweatshirt,₹ 5 495,₹ 5 217
192,https://www.nike.com/in/t/sportswear-bucket-hat-GSgCr0/DR0618-010,Nike Sportswear,Bucket Hat,₹ 1 995,₹ 1 897
193,https://www.nike.com/in/t/challenger-older-training-shorts-tgMzrD/DM8550-480,Nike Challenger,Older Kids' (Boys') Training Shorts,₹ 1 495,₹ 1 417
194,https://www.nike.com/in/t/dri-fit-adv-aerobill-heritage86-perforated-golf-hat-1fMnSx/DH1916-800,Nike Dri-FIT ADV AeroBill Heritage86,Women's Perforated Golf Hat,₹ 1 695,₹ 1 607
195,https://www.nike.com/in/t/air-max-270-older-shoes-tnlrnr/943345-021,Nike Air Max 270,Older Kids' Shoes,₹ 10 995,₹ 10 447
196,https://www.nike.com/in/t/sportswear-sport-essentials-t-shirt-LKp9cc/DM6378-657,Nike Sportswear Sport Essentials+,Men's T-Shirt,₹ 1 795,₹ 1 707
197,https://www.nike.com/in/t/renew-serenity-run-road-running-shoes-XfxLmM/DC9010-011,Nike Renew Serenity Run Premium,Women's Road Running Shoes,₹ 7 195,₹ 6 837
198,https://www.nike.com/in/t/air-max-2021-se-shoes-ncvjbx/DH5135-001,Nike Air Max 2021 SE,Men's Shoes,₹ 15 995,₹ 15 197
199,https://www.nike.com/in/t/sportswear-older-t-shirt-52lrmn/DQ4376-133,Nike Sportswear,Older Kids' (Girls') T-Shirt,₹ 1 195,₹ 1 137
200,https://www.nike.com/in/t/sportswear-older-t-shirt-0Dp0pp/AR5088-086,Nike Sportswear,Older Kids' T-Shirt,₹ 1 195,₹ 1 137
201,https://www.nike.com/in/t/air-jordan-xxxvi-older-basketball-shoes-5rlrTs/DA9054-660,Air Jordan XXXVI,Older Kids' Basketball Shoes,₹ 9 995,₹ 9 497
202,https://www.nike.com/in/t/dri-fit-player-striped-golf-polo-cr4qRz/DH0892-800,Nike Dri-FIT Player,Men's Striped Golf Polo,₹ 3 995,₹ 3 797
203,https://www.nike.com/in/t/air-max-dawn-shoes-hNd4fM/DQ5016-100,Nike Air Max Dawn,Women's Shoes,₹ 10 995,₹ 10 447
204,https://www.nike.com/in/t/air-force-1-pltaform-shoes-pwWPHX/DJ9946-101,Nike Air Force 1 PLT.AF.ORM,Women's Shoes,₹ 8 695,₹ 8 257
205,https://www.nike.com/in/t/air-max-excee-shoes-MxgpKq/CD5432-001,Nike Air Max Excee,Women's Shoes,₹ 7 995,₹ 7 597
206,https://www.nike.com/in/t/dri-fit-jdi-older-t-shirt-6lpQC8/DO1834-063,Nike Dri-FIT JDI,Older Kids' (Boys') T-Shirt,₹ 1 195,₹ 1 137
207,https://www.nike.com/in/t/zoom-fly-4-road-running-shoes-rTFHwQ/CT2392-006,Nike Zoom Fly 4,Men's Road Running Shoes,₹ 14 495,₹ 13 767
208,https://www.nike.com/in/t/air-zoom-victory-tour-2-golf-shoes-B5sCWF/DM9931-141,Nike Air Zoom Victory Tour 2,Golf Shoes (Wide),₹ 18 395,₹ 17 477
209,https://www.nike.com/in/t/kyrie-infinity-ep-basketball-shoes-QJ01t9/DC9134-002,Kyrie Infinity EP,Basketball Shoes,₹ 11 495,₹ 10 917
210,https://www.nike.com/in/t/nikecourt-dri-fit-tennis-skirt-2kglmL/DD8634-100,NikeCourt Dri-FIT,Women's Tennis Skirt,₹ 3 995,₹ 3 797
211,https://www.nike.com/in/t/jordan-essentials-statement-poolside-shorts-8J46Tj/DM1375-104,Jordan Essentials,Men's Statement Poolside Shorts,₹ 2 995,₹ 2 847
212,https://www.nike.com/in/t/pro-older-short-sleeve-training-top-1z0zqt/CK3760-010,Nike Pro,Older Kids' (Boys') Short-Sleeve Training Top,₹ 1 595,₹ 1 517
213,https://www.nike.com/in/t/react-infinity-run-flyknit-3-road-running-shoes-WnVRk9/DD3024-007,Nike React Infinity Run Flyknit 3,Women's Road Running Shoes,₹ 13 995,₹ 13 297
214,https://www.nike.com/in/t/downshifter-12-pavement-older-road-running-shoes-Zr6p7s/DM4192-401,Nike Downshifter 12 Pavement,Older Kids' Road Running Shoes,₹ 4 095,₹ 3 887
215,https://www.nike.com/in/t/nikecourt-air-zoom-vapor-pro-hard-court-tennis-shoe-1p8ZgF/CZ0220-009,NikeCourt Air Zoom Vapor Pro,Men's Hard Court Tennis Shoe,₹ 10 295,₹ 9 777
216,https://www.nike.com/in/t/react-pegasus-trail-4-trail-running-shoes-LP9MFR/DJ6158-002,Nike React Pegasus Trail 4,Men's Trail-Running Shoes,₹ 11 595,₹ 11 017
217,https://www.nike.com/in/t/dri-fit-swoosh-run-mid-rise-brief-lined-running-shorts-NLHlXB/DM7774-010,Nike Dri-FIT Swoosh Run,Women's Mid-Rise Brief-Lined Running Shorts,₹ 2 095,₹ 1 987
218,https://www.nike.com/in/t/dri-fit-trail-running-tank-1F2ZGG/DM7572-078,Nike Dri-FIT,Women's Trail Running Tank,₹ 2 895,₹ 2 747
219,https://www.nike.com/in/t/sportswear-t-shirt-9MpcwX/DV0578-100,Nike Sportswear,Men's T-Shirt,₹ 2 495,₹ 2 367
220,https://www.nike.com/in/t/air-max-terrascape-90-shoes-kfRfsh/DC9450-100,Nike Air Max Terrascape 90,Women's Shoes,₹ 12 495,₹ 11 867
221,https://www.nike.com/in/t/one-mid-rise-shine-leggings-PDfWDT/DD5440-010,Nike One,Women's Mid-Rise Shine Leggings,₹ 3 695,₹ 3 507
222,https://www.nike.com/in/t/air-more-uptempo-96-shoes-tWJ7rk/DH8011-001,Nike Air More Uptempo '96,Shoes,₹ 15 995,₹ 15 197
223,https://www.nike.com/in/t/air-7-8-length-high-rise-running-leggings-N8rhpp/DM7488-610,Nike Air,Women's 7/8-Length High-Rise Running Leggings,₹ 3 695,₹ 3 507
224,https://www.nike.com/in/t/air-max-2021-shoes-FF1J3z/DH5103-002,Nike Air Max 2021,Women's Shoes,₹ 14 995,₹ 14 247
225,https://www.nike.com/in/t/sportswear-sole-t-shirt-htv75b/DQ1034-100,Nike Sportswear,Men's Sole T-Shirt,₹ 2 195,₹ 2 087
226,https://www.nike.com/in/t/acg-print-trail-shorts-zcGG0Z/DN3950-325,Nike ACG,Men's Print Trail Shorts,₹ 2 895,₹ 2 747
227,https://www.nike.com/in/t/dri-fit-aw84-trail-running-cap-wSWtKw/DR0469-469,Nike Dri-FIT AW84,Trail Running Cap,₹ 1 995,₹ 1 897
228,https://www.nike.com/in/t/dri-fit-older-training-top-jvwnN3/DO7090-321,Nike Dri-FIT,Older Kids' (Boys') Training Top,₹ 1 195,₹ 1 137
229,https://www.nike.com/in/t/air-older-crew-sweatshirt-GnhTwr/DM8112-010,Nike Air,Older Kids' (Boys') Crew Sweatshirt,₹ 3 695,₹ 3 507
230,https://www.nike.com/in/t/sportswear-french-terry-pullover-hoodie-kRDQGK/DQ5296-010,Nike Sportswear,Men's French Terry Pullover Hoodie,₹ 3 695,₹ 3 507
231,https://www.nike.com/in/t/liverpool-fc-woven-hooded-jacket-f441Kk/DD9714-703,Liverpool F.C.,Men's Woven Hooded Jacket,₹ 8 995,₹ 8 547
232,https://www.nike.com/in/t/icon-clash-mid-rise-running-leggings-bpjDZs/DM7762-010,Nike Icon Clash,Women's Mid-Rise Running Leggings,₹ 3 695,₹ 3 507
233,https://www.nike.com/in/t/air-force-1-fontanka-shoes-sJrqz3/DH1290-801,Nike Air Force 1 Fontanka,Women's Shoes,₹ 10 995,₹ 10 447
234,https://www.nike.com/in/t/air-dri-fit-running-tank-fgl9p4/DM7788-010,Nike Air Dri-FIT,Women's Running Tank,₹ 2 495,₹ 2 367
235,https://www.nike.com/in/t/polo-polo-j38PbP/DC3427-100,The Nike Polo,Women's Polo,₹ 2 795,₹ 2 657
236,https://www.nike.com/in/t/epic-luxe-mid-rise-7-8-length-running-leggings-J1H4zC/DM7717-379,Nike Epic Luxe,Women's Mid-Rise 7/8-Length Running Leggings,₹ 5 995,₹ 5 697
237,https://www.nike.com/in/t/dri-fit-swoosh-run-running-shorts-kFCz39/DD6832-357,Nike Dri-FIT Swoosh Run,Women's Running Shorts,₹ 1 795,₹ 1 707
238,https://www.nike.com/in/t/repel-ace-slim-fit-golf-trousers-Z4Rh7r/DA3157-100,Nike Therma-FIT Repel Ace,Women's Slim-Fit Golf Trousers,₹ 5 995,₹ 5 697
239,https://www.nike.com/in/t/air-kukini-se-shoes-FKdbzD/DV1902-100,Nike Air Kukini SE,Men's Shoes,₹ 12 795,₹ 12 157
240,https://www.nike.com/in/t/dri-fit-uv-run-division-miler-short-sleeve-graphic-running-top-F580dL/DM4812-432,Nike Dri-FIT UV Run Division Miler,Men's Short-Sleeve Graphic Running Top,₹ 2 495,₹ 2 367
241,https://www.nike.com/in/t/dri-fit-one-older-leggings-Gq9Q1T/DD8015-010,Nike Dri-FIT One,Older Kids' (Girls') Leggings,₹ 1 495,₹ 1 417
242,https://www.nike.com/in/t/jordan-sport-dna-jacket-jgxl1J/DM1412-501,Jordan Sport DNA,Jacket,₹ 5 495,₹ 5 217
243,https://www.nike.com/in/t/air-kukini-se-shoes-mGmph3/DV1894-100,Nike Air Kukini SE,Men's Shoes,₹ 12 795,₹ 12 157
244,https://www.nike.com/in/t/swoosh-support-1-piece-pad-sports-bra-bhxKdc/BV3637-495,Nike Swoosh,Women's Medium-Support 1-Piece Pad Sports Bra,₹ 2 095,₹ 1 987
245,https://www.nike.com/in/t/superrep-cycle-2-next-nature-indoor-cycling-shoes-ZhSL67/DH3396-100,Nike SuperRep Cycle 2 Next Nature,Indoor Cycling Shoes,₹ 10 295,₹ 9 777
246,https://www.nike.com/in/t/dri-fit-trophy-older-15cm-training-shorts-XlZLNv/DA1099-603,Nike Dri-FIT Trophy,Older Kids' (Girls') 15cm (approx.) Training Shorts,₹ 1 095,₹ 1 037
247,https://www.nike.com/in/t/dri-fit-older-short-sleeve-training-top-Mf4f5x/DM8535-326,Nike Dri-FIT,Older Kids' (Boys') Short-Sleeve Training Top,₹ 1 395,₹ 1 327
248,https://www.nike.com/in/t/dri-fit-one-luxe-icon-clash-training-tank-CxVGPK/DM7646-011,Nike Dri-FIT One Luxe Icon Clash,Women's Training Tank,₹ 2 895,₹ 2 747
249,https://www.nike.com/in/t/sport-older-training-trousers-RWXZH9/CU9305-010,Nike Sport,Older Kids' (Boys') Training Trousers,₹ 1 695,₹ 1 607
250,https://www.nike.com/in/t/air-zoom-pegasus-39-road-running-shoes-0ksHjP/DH4072-500,Nike Air Zoom Pegasus 39,Women's Road Running Shoes,₹ 10 495,₹ 9 967
251,https://www.nike.com/in/t/jordan-essentials-jersey-tank-qtG0XZ/DO5035-010,Jordan Essentials,Women's Jersey Tank,₹ 3 695,₹ 3 507
252,https://www.nike.com/in/t/dri-fit-wild-run-challenger-18cm-brief-lined-running-shorts-jFtBwG/DM4820-010,Nike Dri-FIT Wild Run Challenger,Men's 18cm (approx.) Brief-Lined Running Shorts,₹ 2 495,₹ 2 367
253,https://www.nike.com/in/t/dri-fit-rise-365-short-sleeve-trail-running-top-NQJp60/DM4647-085,Nike Dri-FIT Rise 365,Men's Short-Sleeve Trail Running Top,₹ 3 195,₹ 3 037
254,https://www.nike.com/in/t/dri-fit-acg-goat-rocks-long-sleeve-top-0x7vfF/DO9270-325,Nike Dri-FIT ACG 'Goat Rocks',Men's Long-Sleeve Top,₹ 3 095,₹ 2 937
255,https://www.nike.com/in/t/sportswear-t-shirt-NG1lkZ/DQ1005-133,Nike Sportswear,Men's T-Shirt,₹ 2 695,₹ 2 557
256,https://www.nike.com/in/t/yoga-dri-fit-adv-indy-light-support-seamless-non-padded-sports-bra-5Zp1Km/DM0550-668,Nike Yoga Dri-FIT ADV Indy,Women's Light-Support Seamless Non-Padded Sports Bra,₹ 4 595,₹ 4 367
257,https://www.nike.com/in/t/sportswear-cropped-t-shirt-Bk4H9C/DN5799-738,Nike Sportswear,Women's Cropped T-Shirt,₹ 1 795,₹ 1 707
258,https://www.nike.com/in/t/air-presto-mid-utility-shoes-mkHX2h/DC8751-800,Nike Air Presto Mid Utility,Men's Shoes,₹ 13 495,₹ 12 817
259,https://www.nike.com/in/t/shape-high-support-padded-zip-front-sports-bra-f72f0P/CN3719-010,Nike Shape,Women's High-Support Padded Zip-Front Sports Bra,₹ 3 095,₹ 2 937
260,https://www.nike.com/in/t/jordan-flight-essentials-t-shirt-k40ZhM/DH8970-011,Jordan Flight Essentials,Men's T-Shirt,₹ 1 795,₹ 1 707
261,https://www.nike.com/in/t/los-angeles-lakers-city-edition-dri-fit-nba-swingman-jersey-W4m3x8/DB4032-505,Los Angeles Lakers City Edition,Nike Dri-FIT NBA Swingman Jersey,₹ 6 495,₹ 6 167
262,https://www.nike.com/in/t/dynamo-go-younger-easy-on-off-shoes-dCf2Zv/DH3437-401,Nike Dynamo Go,Younger Kids' Easy On/Off Shoes,₹ 4 995,₹ 4 747
263,https://www.nike.com/in/t/dri-fit-adv-run-division-engineered-short-sleeve-running-top-CTzHp2/DM7748-824,Nike Dri-FIT ADV Run Division,Women's Engineered Short-Sleeve Running Top,₹ 4 695,₹ 4 457
264,https://www.nike.com/in/t/dri-fit-run-division-stride-13cm-brief-lined-running-shorts-zkr7bd/DM4768-550,Nike Dri-FIT Run Division Stride,Men's 13cm (approx.) Brief-Lined Running Shorts,₹ 3 395,₹ 3 227
265,https://www.nike.com/in/t/sportswear-style-essentials-woven-utility-shorts-hL33vJ/DM6691-250,Nike Sportswear Style Essentials,Men's Woven Utility Shorts,₹ 3 995,₹ 3 797
266,https://www.nike.com/in/t/air-jordan-1-elevate-low-shoes-XlkVrM/DH7004-017,Air Jordan 1 Elevate Low,Women's Shoes,₹ 11 895,₹ 11 297
267,https://www.nike.com/in/t/jordan-essentials-poolside-shorts-BV4pfq/DM1371-104,Jordan Essentials,Men's Poolside Shorts,₹ 2 495,₹ 2 367
268,https://www.nike.com/in/t/essential-running-jacket-T1Dblg/DV0514-501,Nike Essential,Women's Running Jacket,₹ 4 995,₹ 4 747
269,https://www.nike.com/in/t/air-max-97-se-older-shoes-srDFh1/DN3275-001,Nike Air Max 97 SE,Older Kids' Shoes,₹ 10 995,₹ 10 447
270,https://www.nike.com/in/t/jordan-itage-tank-kJLklJ/DO5023-126,Jordan (Her)itage,Women's Tank,₹ 2 795,₹ 2 657
271,https://www.nike.com/in/t/sportswear-circa-50-oversized-french-terry-hoodie-wfqhPm/DM6776-200,Nike Sportswear Circa 50,Women's Oversized French Terry Hoodie,₹ 4 995,₹ 4 747
272,https://www.nike.com/in/t/yoga-dri-fit-luxe-7-8-high-rise-colour-block-leggings-10QjhC/DM6997-010,Nike Yoga Dri-FIT Luxe,Women's 7/8 High-Rise Colour-Block Leggings,₹ 5 295,₹ 5 027
273,https://www.nike.com/in/t/nikecourt-heritage86-naomi-osaka-seasonal-tennis-hat-nBvC9c/DR0491-010,NikeCourt Heritage86 Naomi Osaka,Seasonal Tennis Hat,₹ 1 695,₹ 1 607
274,https://www.nike.com/in/t/air-max-terrascape-90-shoes-MR8Fjh/DH5073-600,Nike Air Max Terrascape 90,Women's Shoes,₹ 13 995,₹ 13 297
275,https://www.nike.com/in/t/air-older-french-terry-shorts-WvCZND/DM8218-494,Nike Air,Older Kids' (Girls') French Terry Shorts,₹ 2 195,₹ 2 087
276,https://www.nike.com/in/t/dri-fit-one-older-tank-zlRPfl/DO7133-100,Nike Dri-FIT One,Older Kids' (Girls') Tank,₹ 1 695,₹ 1 607
277,https://www.nike.com/in/t/dri-fit-training-t-shirt-GVJ4pj/DM5670-010,Nike Dri-FIT,Men's Training T-Shirt,₹ 1 595,₹ 1 517
278,https://www.nike.com/in/t/sportswear-jersey-jumpsuit-lB2N63/DM6733-010,Nike Sportswear,Women's Jersey Jumpsuit,₹ 4 495,₹ 4 267
279,https://www.nike.com/in/t/jordan-zion-t-shirt-8NcqVf/DR2124-453,Jordan x Zion,Men's T-Shirt,₹ 2 495,₹ 2 367
280,https://www.nike.com/in/t/zoomx-invincible-run-flyknit-2-road-running-shoes-xrCMmF/DH5425-003,Nike ZoomX Invincible Run Flyknit 2,Men's Road Running Shoes,₹ 16 995,₹ 16 147
281,https://www.nike.com/in/t/sb-shield-coaches-jacket-PMJ0Lv/DV0580-013,Nike SB Shield,Men's Coaches Jacket,₹ 4 295,₹ 4 077
282,https://www.nike.com/in/t/dri-fit-legend-graphic-training-t-shirt-4Hxc0R/DM6284-480,Nike Dri-FIT Legend,Men's Graphic Training T-Shirt,₹ 1 795,₹ 1 707
283,https://www.nike.com/in/t/swoosh-run-mid-rise-7-8-length-running-leggings-KzWXMs/DM7768-010,Nike Swoosh Run,Women's Mid-Rise 7/8-Length Running Leggings,₹ 3 195,₹ 3 037
284,https://www.nike.com/in/t/lil-penny-basketball-t-shirt-MSSbjh/DM2446-010,Nike Lil' Penny,Men's Basketball T-Shirt,₹ 2 195,₹ 2 087
285,https://www.nike.com/in/t/yoga-dri-fit-printed-pj-tank-40Pp4x/DD5763-010,Nike Yoga Dri-FIT,Women's Printed PJ Tank,₹ 1 695,₹ 1 607
286,https://www.nike.com/in/t/dri-fit-tapered-training-trousers-1snwmG/CU6776-010,Nike Dri-FIT,Men's Tapered Training Trousers,₹ 3 295,₹ 3 127
287,https://www.nike.com/in/t/acg-air-mada-shoes-N69XZS/DQ5499-200,Nike ACG Air Mada,Men's Shoes,₹ 11 895,₹ 11 297
288,https://www.nike.com/in/t/older-t-shirt-V5qgRM/DO1319-010,Nike,Older Kids' (Girls') T-Shirt,₹ 1 195,₹ 1 137
289,https://www.nike.com/in/t/jordan-shoes-t-shirt-rFrpKM/DH8952-100,Jordan 'The Shoes',Men's T-Shirt,₹ 1 795,₹ 1 707
290,https://www.nike.com/in/t/superrep-go-3-flyknit-next-nature-training-shoes-zKqgRc/DH3393-003,Nike SuperRep Go 3 Flyknit Next Nature,Women's Training Shoes,₹ 8 895,₹ 8 447
291,https://www.nike.com/in/t/sportswear-boxy-t-shirt-pHrmtz/DQ5037-827,Nike Sportswear,Women's Boxy T-Shirt,₹ 2 495,₹ 2 367
292,https://www.nike.com/in/t/sportswear-high-rise-bike-shorts-F6B8Fc/DM6320-610,Nike Sportswear,Women's High-Rise Bike Shorts,₹ 2 595,₹ 2 467
293,https://www.nike.com/in/t/air-max-270-younger-shoe-5Tbhcj/AO2372-021,Nike Air Max 270,Younger Kids' Shoe,₹ 8 495,₹ 8 067
294,https://www.nike.com/in/t/lebron-9-low-shoes-2Zmjhr/DO9355-300,Nike LeBron 9 Low,Men's Shoes,₹ 17 495,₹ 16 617
295,https://www.nike.com/in/t/jordan-series-older-shoes-Bx2cJb/DN3205-060,Jordan Series,Older Kids' Shoes,₹ 5 995,₹ 5 697
296,https://www.nike.com/in/t/air-max-dawn-shoes-F7JtF6/DV1021-030,Nike Air Max Dawn,Women's Shoes,₹ 9 695,₹ 9 207
297,https://www.nike.com/in/t/sportswear-overshirt-MngV0N/DM5284-017,Nike Sportswear,Men's Overshirt,₹ 4 495,₹ 4 267
298,https://www.nike.com/in/t/react-miler-2-road-running-shoes-wN5bDN/CW7121-006,Nike React Miler 2,Men's Road Running Shoes,₹ 11 495,₹ 10 917
299,https://www.nike.com/in/t/yoga-short-sleeve-top-xSStj6/CJ9327-010,Nike Yoga,Women's Short-Sleeve Top,₹ 1 695,₹ 1 607
300,https://www.nike.com/in/t/dbreak-shoes-zBm0V8/DV1039-219,Nike DBreak,Women's Shoes,₹ 8 695,₹ 8 257
301,https://www.nike.com/in/t/air-force-1-crater-flyknit-next-nature-shoes-72pvD8/DM0590-100,Nike Air Force 1 Crater Flyknit Next Nature,Men's Shoes,₹ 10 795,₹ 10 257
302,https://www.nike.com/in/t/liverpool-fc-2021-22-stadium-home-football-shirt-zx7fl0/DB2539-688,Liverpool F.C. 2021/22 Stadium Home,Women's Football Shirt,₹ 4 695,₹ 4 457
303,https://www.nike.com/in/t/dri-fit-ace-pleated-golf-shorts-BRsR6B/DH2464-100,Nike Dri-FIT Ace,Women's Pleated Golf Shorts,₹ 4 695,₹ 4 457
304,https://www.nike.com/in/t/dri-fit-training-tank-3R2jdf/DN6269-010,Nike Dri-FIT,Women's Training Tank,₹ 1 795,₹ 1 707
305,https://www.nike.com/in/t/free-terra-vista-next-nature-shoes-96FQ8V/DM0861-700,Nike Free Terra Vista Next Nature,Men's Shoes,₹ 11 895,₹ 11 297
306,https://www.nike.com/in/t/star-runner-3-older-road-running-shoes-04CFlS/DM4278-400,Nike Star Runner 3,Older Kids' Road Running Shoes,₹ 4 495,₹ 4 267
307,https://www.nike.com/in/t/sportswear-icon-clash-short-sleeve-tie-top-GdbMh0/DM6575-610,Nike Sportswear Icon Clash,Women's Short-Sleeve Tie Top,₹ 2 895,₹ 2 747
308,https://www.nike.com/in/t/downshifter-12-pavement-younger-shoes-7KsqkS/DM4190-401,Nike Downshifter 12 Pavement,Younger Kids' Shoes,₹ 3 895,₹ 3 697
309,https://www.nike.com/in/t/air-force-1-07-lv8-shoes-8fpwGW/DO2701-715,Nike Air Force 1 '07 LV8,Women's Shoes,₹ 8 295,₹ 7 877
310,https://www.nike.com/in/t/sportswear-pocket-t-shirt-5n6Tgp/DQ3154-010,Nike Sportswear,Women's Pocket T-Shirt,₹ 2 195,₹ 2 087
311,https://www.nike.com/in/t/standard-issue-basketball-crew-sweatshirt-CGHGdX/DJ3025-446,Nike Standard Issue,Men's Basketball Crew Sweatshirt,₹ 3 995,₹ 3 797
312,https://www.nike.com/in/t/air-max-95-essential-shoes-2KZw7h/DQ3429-100,Nike Air Max 95 Essential,Men's Shoes,₹ 14 995,₹ 14 247
313,https://www.nike.com/in/t/air-max-plus-shoes-04K813/DM0032-002,Nike Air Max Plus,Shoes,₹ 14 995,₹ 14 247
314,https://www.nike.com/in/t/yoga-graphic-fleece-shorts-GVRz2v/DM6547-133,Nike Yoga Therma-FIT,Men's Graphic Fleece Shorts,₹ 3 095,₹ 2 937
315,https://www.nike.com/in/t/swoosh-support-1-piece-pad-mesh-strap-sports-bra-pX9Q0V/DM0659-010,Nike Swoosh,Women's Medium-Support 1-Piece Pad Mesh Strap Sports Bra,₹ 2 295,₹ 2 177
316,https://www.nike.com/in/t/sportswear-icon-clash-woven-boyfriend-jacket-gmkBRv/DM6567-126,Nike Sportswear Icon Clash,Women's Woven Boyfriend Jacket,₹ 6 495,₹ 6 167
317,https://www.nike.com/in/t/run-division-mid-rise-running-leggings-nr0pJT/DM7556-010,Nike Run Division,Women's Mid-Rise Running Leggings,₹ 6 295,₹ 5 977
318,https://www.nike.com/in/t/swoosh-support-non-padded-metallic-graphic-sports-bra-h6rFbS/DD1459-601,Nike Swoosh,Women's Medium-Support Non-Padded Metallic Graphic Sports Bra,₹ 2 195,₹ 2 087
319,https://www.nike.com/in/t/sb-shane-prm-skate-shoes-s5nN03/DM0478-100,Nike SB Shane PRM,Skate Shoes,₹ 7 495,₹ 7 117
320,https://www.nike.com/in/t/jordan-air-200e-shoes-j54hgQ/DH7381-146,Jordan Air 200E,Women's Shoes,₹ 11 995,₹ 11 397
321,https://www.nike.com/in/t/space-hippie-04-shoes-TdGnsB/DA2725-200,Nike Space Hippie 04,Women's Shoes,₹ 12 995,₹ 12 347
322,https://www.nike.com/in/t/free-metcon-4-training-shoes-wx5b9S/DJ8655-018,Nike Free Metcon 4,Women's Training Shoes,₹ 10 995,₹ 10 447
323,https://www.nike.com/in/t/nikecourt-zoom-pro-hard-court-tennis-shoes-nlG4Pg/DH0618-010,NikeCourt Zoom Pro,Men's Hard Court Tennis Shoes,₹ 8 895,₹ 8 447
324,https://www.nike.com/in/t/sportswear-muscle-tank-GcBfsH/CW2207-622,Nike Sportswear,Women's Muscle Tank,₹ 1 495,₹ 1 417
325,https://www.nike.com/in/t/dri-fit-sport-clash-woven-training-trousers-dGsdsk/DD1721-203,Nike Dri-FIT Sport Clash,Men's Woven Training Trousers,₹ 3 995,₹ 3 797
326,https://www.nike.com/in/t/yoga-dri-fit-tank-Ps2czJ/DM7670-824,Nike Yoga Dri-FIT,Women's Tank,₹ 2 195,₹ 2 087
327,https://www.nike.com/in/t/shield-trail-running-jacket-M59gP0/DC8041-607,Nike Shield,Women's Trail Running Jacket,₹ 7 995,₹ 7 597
328,https://www.nike.com/in/t/giannis-uno-basketball-t-shirt-sBxSKg/DV5365-010,"Giannis ""Uno™""",Basketball T-Shirt,₹ 1 795,₹ 1 707
329,https://www.nike.com/in/t/air-huarache-shoes-Ts78zj/DH4439-106,Nike Air Huarache,Women's Shoes,₹ 10 295,₹ 9 777
330,https://www.nike.com/in/t/dri-fit-fc-tribuna-football-shirt-7ZJP7T/DH9687-410,Nike Dri-FIT F.C. Tribuna,Men's Football Shirt,₹ 3 195,₹ 3 037
331,https://www.nike.com/in/t/standard-issue-reversible-basketball-jersey-MPTTDh/DH7434-709,Nike Standard Issue,Men's Reversible Basketball Jersey,₹ 2 895,₹ 2 747
332,https://www.nike.com/in/t/sportswear-icon-clash-hooded-romper-b78z2V/DM6539-126,Nike Sportswear Icon Clash,Women's Hooded Romper,₹ 3 395,₹ 3 227
333,https://www.nike.com/in/t/air-max-ap-shoe-twPB9x/CU4870-103,Nike Air Max AP,Women's Shoe,₹ 8 295,₹ 7 877
334,https://www.nike.com/in/t/swoosh-air-max-support-padded-cut-out-sports-bra-239410/DM0632-010,Nike Swoosh Air Max,Women's Medium-Support Padded Cut-Out Sports Bra,₹ 5 295,₹ 5 027
335,https://www.nike.com/in/t/sportswear-swoosh-short-sleeve-crop-top-SnvhjP/DM6745-030,Nike Sportswear Swoosh,Women's Short-Sleeve Crop Top,₹ 2 695,₹ 2 557
336,https://www.nike.com/in/t/nikecourt-dri-fit-advantage-pleated-tennis-skirt-Svwr3L/DD8757-530,NikeCourt Dri-FIT Advantage,Women's Pleated Tennis Skirt,₹ 3 695,₹ 3 507
337,https://www.nike.com/in/t/liverpool-fc-football-t-shirt-gZx8LG/DB4817-687,Liverpool F.C.,Men's Football T-Shirt,₹ 1 595,₹ 1 517
338,https://www.nike.com/in/t/nikecourt-zoom-vapor-cage-4-rafa-hard-court-tennis-shoes-cS7wct/DD1579-310,NikeCourt Zoom Vapor Cage 4 Rafa,Men's Hard Court Tennis Shoes,₹ 13 495,₹ 12 817
339,https://www.nike.com/in/t/air-pique-skirt-4FKPr1/DO7605-010,Nike Air,Women's Pique Skirt,₹ 2 595,₹ 2 467
340,https://www.nike.com/in/t/basketball-t-shirt-QXcPP7/DV1215-100,Nike,Men's Basketball T-Shirt,₹ 1 795,₹ 1 707
341,https://www.nike.com/in/t/air-force-1-07-ess-shoes-7Xzdr5/DJ9945-600,Nike Air Force 1 '07 ESS,Women's Shoes,₹ 8 695,₹ 8 257
342,https://www.nike.com/in/t/acg-dri-fit-adv-crater-lookout-all-over-print-shorts-lK7Zhs/DN3930-325,Nike ACG Dri-FIT ADV 'Crater Lookout',Women's All-Over Print Shorts,₹ 3 095,₹ 2 937
343,https://www.nike.com/in/t/star-runner-3-se-shoes-Q2RVNH/DJ1992-607,Nike Star Runner 3 SE,Baby/Toddler Shoes,₹ 3 495,₹ 3 317
344,https://www.nike.com/in/t/zoom-metcon-turbo-2-training-shoes-jPvmwl/DH3392-300,Nike Zoom Metcon Turbo 2,Men's Training Shoes,₹ 13 995,₹ 13 297
345,https://www.nike.com/in/t/air-dri-fit-running-tank-LSxSqB/DM7542-010,Nike Air Dri-FIT,Women's Running Tank,₹ 2 495,₹ 2 367
346,https://www.nike.com/in/t/dri-fit-sport-clash-training-shorts-ZFZQGc/DM6518-480,Nike Dri-FIT Sport Clash,Men's Training Shorts,₹ 2 595,₹ 2 467
347,https://www.nike.com/in/t/air-max-2021-shoes-MljWq1/DH4245-002,Nike Air Max 2021,Men's Shoes,₹ 14 495,₹ 13 767
348,https://www.nike.com/in/t/dri-fit-one-luxe-standard-fit-short-sleeve-top-KM5GHX/DD0619-824,Nike Dri-FIT One Luxe,Women's Standard Fit Short-Sleeve Top,₹ 2 495,₹ 2 367
349,https://www.nike.com/in/t/dunk-high-se-shoes-7cCztR/DM7607-100,Nike Dunk High SE,Women's Shoes,₹ 10 795,₹ 10 257
350,https://www.nike.com/in/t/flex-advance-younger-shoes-rXcKzS/CZ0186-006,Nike Flex Advance,Younger Kids' Shoes,₹ 4 995,₹ 4 747
351,https://www.nike.com/in/t/sb-skate-crew-2WhQbF/DH2930-051,Nike SB,Skate Crew,₹ 3 795,₹ 3 607
352,https://www.nike.com/in/t/air-force-1-lv8-older-shoes-KKcPKZ/DC9651-100,Nike Air Force 1 LV8,Older Kids' Shoes,₹ 6 495,₹ 6 167
353,https://www.nike.com/in/t/one-luxe-mid-rise-printed-leggings-FZjKJT/DM7261-273,Nike One Luxe,Women's Mid-Rise Printed Leggings,₹ 5 295,₹ 5 027
354,https://www.nike.com/in/t/waffle-one-shoes-Z3BFbK/DC2533-200,Nike Waffle One,Women's Shoes,₹ 8 295,₹ 7 877
355,https://www.nike.com/in/t/daybreak-shoes-bs1J78/CK2351-011,Nike Daybreak,Women's Shoes,₹ 7 995,₹ 7 597
356,https://www.nike.com/in/t/sb-printed-knit-skate-top-SFVrrk/DM0170-010,Nike SB,Printed Knit Skate Top,₹ 3 395,₹ 3 227
357,https://www.nike.com/in/t/dunk-high-se-shoes-zT23r6/DR5488-001,Nike Dunk High SE,Women's Shoes,₹ 10 795,₹ 10 257
358,https://www.nike.com/in/t/nikecourt-air-zoom-vapor-pro-hard-court-tennis-shoe-lDZs2D/CZ0222-410,NikeCourt Air Zoom Vapor Pro,Women's Hard Court Tennis Shoe,₹ 10 295,₹ 9 777
359,https://www.nike.com/in/t/basketball-t-shirt-hGcBT2/DQ1890-010,Nike,Men's Basketball T-Shirt,₹ 2 495,₹ 2 367
360,https://www.nike.com/in/t/one-luxe-icon-clash-mid-rise-leggings-lPH1KF/DM7438-215,Nike One Luxe Icon Clash,Women's Mid-Rise Leggings,₹ 5 295,₹ 5 027
361,https://www.nike.com/in/t/jordan-dri-fit-zion-tank-top-6hjVXt/DR2111-453,Jordan Dri-FIT Zion,Men's Tank Top,₹ 3 495,₹ 3 317
362,https://www.nike.com/in/t/sportswear-jersey-tank-dress-hPpfpQ/DM6735-827,Nike Sportswear,Women's Jersey Tank Dress,₹ 3 395,₹ 3 227
363,https://www.nike.com/in/t/milwaukee-bucks-city-edition-dri-fit-nba-swingman-jersey-B7JfGc/DB4035-100,Milwaukee Bucks City Edition,Nike Dri-FIT NBA Swingman Jersey,₹ 6 495,₹ 6 167
364,https://www.nike.com/in/t/sportswear-bucket-hat-pnF01f/DC3967-072,Nike Sportswear,Bucket Hat,₹ 1 595,₹ 1 517
365,https://www.nike.com/in/t/air-max-95-shoes-fk6w0s/DQ3430-001,Nike Air Max 95,Men's Shoes,₹ 14 995,₹ 14 247
366,https://www.nike.com/in/t/yoga-dri-fit-tank-GntZVk/DM7824-010,Nike Yoga Dri-FIT,Men's Tank,₹ 2 595,₹ 2 467
367,https://www.nike.com/in/t/sportswear-older-t-shirt-DTl9PF/DQ3856-471,Nike Sportswear,Older Kids' T-Shirt,₹ 1 395,₹ 1 327
368,https://www.nike.com/in/t/jordan-23-engineered-dress-CbnglZ/DO4493-030,Jordan 23 Engineered,Women's Dress,₹ 8 995,₹ 8 547
369,https://www.nike.com/in/t/mercurial-vapor-14-elite-fg-football-boots-GzzgK8/DJ2837-484,Nike Mercurial Vapor 14 Elite FG,Firm-Ground Football Boot,₹ 21 995,₹ 20 897
370,https://www.nike.com/in/t/air-max-dawn-se-older-shoes-hRn9KW/DM0960-100,Nike Air Max Dawn SE,Older Kids' Shoes,₹ 7 995,₹ 7 597
371,https://www.nike.com/in/t/yoga-swoosh-support-lightly-lined-sports-bra-9msDdZ/DM0679-462,Nike Yoga Swoosh,Women's Medium-Support Lightly Lined Sports Bra,₹ 3 395,₹ 3 227
372,https://www.nike.com/in/t/jordan-23-engineered-top-GRCjx0/DO4499-030,Jordan 23 Engineered,Women's Top,₹ 3 995,₹ 3 797
373,https://www.nike.com/in/t/zoom-fly-4-road-running-shoes-HMG6C0/CT2401-100,Nike Zoom Fly 4,Women's Road Running Shoes,₹ 14 495,₹ 13 767
374,https://www.nike.com/in/t/sportswear-circa-50-high-rise-shorts-shdlFz/DM6784-025,Nike Sportswear Circa 50,Women's High-Rise Shorts,₹ 2 595,₹ 2 467
375,https://www.nike.com/in/t/one-luxe-icon-clash-mid-rise-pocket-training-leggings-W3cRxT/DM7624-446,Nike One Luxe Icon Clash,Women's Mid-Rise Pocket Training Leggings,₹ 5 295,₹ 5 027
376,https://www.nike.com/in/t/victori-one-next-nature-slides-FNkd8z/DM8599-800,Nike Victori One Next Nature,Women's Slides,₹ 2 995,₹ 2 847
377,https://www.nike.com/in/t/sportswear-swoosh-short-sleeve-top-SQvD7F/DM6212-611,Nike Sportswear Swoosh,Women's Short-Sleeve Top,₹ 2 595,₹ 2 467
378,https://www.nike.com/in/t/revolution-5-older-road-running-shoes-mhfgMP/BQ5671-509,Nike Revolution 5,Older Kids' Road Running Shoes,₹ 3 495,₹ 3 317
379,https://www.nike.com/in/t/react-infinity-run-flyknit-2-road-running-shoes-n77q2N/DJ5396-100,Nike React Infinity Run Flyknit 2,Women's Road Running Shoes,₹ 14 495,₹ 13 767
380,https://www.nike.com/in/t/alpha-high-support-padded-zip-front-sports-bra-cFvqwr/DD0437-058,Nike Alpha,Women's High-Support Padded Zip-Front Sports Bra,₹ 3 995,₹ 3 797
381,https://www.nike.com/in/t/gore-tex-trail-running-jacket-QbJxKK/DM7566-501,Nike GORE-TEX,Women's Trail Running Jacket,₹ 11 495,₹ 10 917
382,https://www.nike.com/in/t/jordan-one-take-3-older-basketball-shoes-w321B7/DC7702-001,Jordan One Take 3,Older Kids' Basketball Shoes,₹ 6 295,₹ 5 977
383,https://www.nike.com/in/t/swoosh-icon-clash-support-padded-strappy-sports-bra-6WQT97/DM0638-010,Nike Swoosh Icon Clash,Women's Medium-Support Padded Strappy Sports Bra,₹ 2 195,₹ 2 087
384,https://www.nike.com/in/t/one-luxe-mid-rise-printed-training-leggings-6G8gh5/DQ4140-058,Nike One Luxe,Women's Mid-Rise Printed Training Leggings (Plus Size),₹ 5 295,₹ 5 027
385,https://www.nike.com/in/t/esc-knit-jumper-qXBbjT/DN4102-012,Nike ESC,Men's Knit Jumper,₹ 16 995,₹ 16 147
386,https://www.nike.com/in/t/fc-tribuna-short-sleeve-football-top-wQv2v9/DC9063-410,Nike F.C. Tribuna,Men's Short-Sleeve Football Top,₹ 2 295,₹ 2 177
387,https://www.nike.com/in/t/dynamo-go-lil-fruits-younger-easy-on-off-shoes-JMkMZM/DO9375-600,Nike Dynamo Go Lil Fruits,Younger Kids' Easy On/Off Shoes,₹ 5 295,₹ 5 027
388,https://www.nike.com/in/t/nikecourt-react-vapor-nxt-hard-court-tennis-shoes-qXfkpM/CV0742-410,NikeCourt React Vapor NXT,Women's Hard Court Tennis Shoes,₹ 14 495,₹ 13 767
389,https://www.nike.com/in/t/lil-penny-basketball-t-shirt-66nwVP/DM2444-010,Nike Lil' Penny,Men's Basketball T-Shirt,₹ 1 595,₹ 1 517
390,https://www.nike.com/in/t/zion-trousers-h67b2K/DR2109-410,Zion,Men's Trousers,₹ 5 495,₹ 5 217
391,https://www.nike.com/in/t/liverpool-fc-dri-fit-pre-match-football-top-T3jzz9/DB7627-017,Liverpool F.C.,Men's Nike Dri-FIT Pre-Match Football Top,₹ 3 695,₹ 3 507
392,https://www.nike.com/in/t/acg-adv-cascade-rains-jacket-F34vxk/DN3913-579,Nike ACG Storm-FIT ADV 'Cascade Rains',Women's Jacket,₹ 9 995,₹ 9 497
393,https://www.nike.com/in/t/air-max-97-og-shoes-pKxPsp/DM0028-400,Nike Air Max 97 OG,Men's Shoes,₹ 16 995,₹ 16 147
394,https://www.nike.com/in/t/air-max-90-se-shoes-bcmLGh/DO2154-010,Nike Air Max 90 SE,Women's Shoes,₹ 11 495,₹ 10 917
395,https://www.nike.com/in/t/defy-all-day-training-shoe-LtD2G1/DJ1196-100,Nike Defy All Day,Men's Training Shoe,₹ 4 995,₹ 4 747
396,https://www.nike.com/in/t/air-max-97-older-shoes-M2vYej/921522-028,Nike Air Max 97,Older Kids' Shoes,₹ 12 995,₹ 12 347
397,https://www.nike.com/in/t/jordan-jumpman-washed-bucket-hat-kblNWN/DC3687-200,Jordan Jumpman,Washed Bucket Hat,₹ 1 695,₹ 1 607
398,https://www.nike.com/in/t/academy-over-calf-football-socks-3LZwVZ/SX4120-402,Nike Academy,Over-The-Calf Football Socks,₹ 595,₹ 567
399,https://www.nike.com/in/t/everyday-plus-cushioned-training-crew-socks-x58Kw5/DD2795-325,Nike Everyday Plus Cushioned,Training Crew Socks,₹ 495,₹ 467
400,https://www.nike.com/in/t/everyday-training-ankle-socks-KpNHqj/DH5485-565,Nike Everyday,Training Ankle Socks,₹ 795,₹ 757
401,https://www.nike.com/in/t/everyday-essential-golf-crew-socks-jn4DBq/DH5472-068,Nike Everyday Essential,Golf Crew Socks,₹ 895,₹ 847
402,https://www.nike.com/in/t/everyday-essentials-circa-72-crew-socks-M205Vq/DQ0788-412,Nike Everyday Essentials Circa 72,Crew Socks,₹ 895,₹ 847
